[25-Aug-2025 13:36:23 UTC] V3 failed (400):  | {"status":"error","message":"The request is not valid","correlationId":"4172ce16-f06f-4339-934d-ac7215021c74","errors":[{"message":"Error in 'context.hutk'. '' is not a valid Hutk","errorType":"INVALID_HUTK"}]}
[26-Aug-2025 03:53:18 UTC] V3 failed (400):  | {"status":"error","message":"The request is not valid","correlationId":"5497f849-3e6f-41ff-bb24-316e0cd17c95","errors":[{"message":"Error in 'context.hutk'. '' is not a valid Hutk","errorType":"INVALID_HUTK"}]}
[26-Aug-2025 21:42:56 UTC] V3 failed (400):  | {"status":"error","message":"The request is not valid","correlationId":"27b0c388-bb0f-4567-976f-c671e9693ac2","errors":[{"message":"Error in 'context.hutk'. '' is not a valid Hutk","errorType":"INVALID_HUTK"}]}
[26-Aug-2025 22:16:19 UTC] V3 failed (400):  | {"status":"error","message":"The request is not valid","correlationId":"cd83d88e-72d9-4dbc-bcdf-a5ba31945f2f","errors":[{"message":"Error in 'context.hutk'. '' is not a valid Hutk","errorType":"INVALID_HUTK"}]}
[26-Aug-2025 22:16:19 UTC] V3 failed (400):  | {"status":"error","message":"The request is not valid","correlationId":"adec52cd-d337-4288-843e-7dbae0f374d8","errors":[{"message":"Error in 'context.hutk'. '' is not a valid Hutk","errorType":"INVALID_HUTK"}]}
[27-Aug-2025 06:54:31 UTC] V3 failed (400):  | {"status":"error","message":"The request is not valid","correlationId":"2689da64-8129-4f8f-9001-d41daeacbd33","errors":[{"message":"Error in 'context.hutk'. '' is not a valid Hutk","errorType":"INVALID_HUTK"}]}
[28-Aug-2025 05:31:39 UTC] Missing fields: firstname,lastname,email,phone,service,company
[28-Aug-2025 06:18:28 UTC] Missing fields: firstname,service
[28-Aug-2025 06:19:50 UTC] V3 failed (400):  | {"status":"error","message":"The request is not valid","correlationId":"3c2a6d0a-cac0-455c-b98c-26ed3b1b7e6c","errors":[{"message":"Error in 'context.hutk'. '' is not a valid Hutk","errorType":"INVALID_HUTK"}]}
[28-Aug-2025 14:52:13 UTC] V3 failed (400):  | {"status":"error","message":"The request is not valid","correlationId":"bf703952-3352-4cb6-95ca-f1e722f36ce0","errors":[{"message":"Error in 'context.hutk'. '' is not a valid Hutk","errorType":"INVALID_HUTK"}]}
[29-Aug-2025 11:15:15 UTC] Missing fields: firstname
[30-Aug-2025 04:54:20 UTC] V3 failed (400):  | {"status":"error","message":"The request is not valid","correlationId":"72bf3096-e89a-4ae8-b305-ef673686813a","errors":[{"message":"Error in 'context.hutk'. '' is not a valid Hutk","errorType":"INVALID_HUTK"}]}
[31-Aug-2025 04:48:05 UTC] V3 failed (400):  | {"status":"error","message":"The request is not valid","correlationId":"38b92349-296f-4d02-b5cf-3bf47b90b304","errors":[{"message":"Error in 'context.hutk'. '' is not a valid Hutk","errorType":"INVALID_HUTK"}]}
[31-Aug-2025 17:12:31 UTC] V3 failed (400):  | {"status":"error","message":"The request is not valid","correlationId":"00afff9d-bcc6-42ea-8740-7e3dbf504013","errors":[{"message":"Error in 'context.hutk'. '' is not a valid Hutk","errorType":"INVALID_HUTK"}]}
[31-Aug-2025 22:02:34 UTC] Missing fields: firstname,lastname,email,phone,service,company
[01-Sep-2025 00:46:34 UTC] V3 failed (400):  | {"status":"error","message":"The request is not valid","correlationId":"dfaa5bf1-85d1-48f4-b1a3-aa915ab932aa","errors":[{"message":"Error in 'context.hutk'. '' is not a valid Hutk","errorType":"INVALID_HUTK"}]}
[01-Sep-2025 01:25:57 UTC] Missing fields: firstname,lastname,email,phone,service,company
[01-Sep-2025 07:26:42 UTC] Missing fields: service
[01-Sep-2025 08:00:20 UTC] Missing fields: phone,service
[03-Sep-2025 01:55:47 UTC] V3 failed (400):  | {"status":"error","message":"The request is not valid","correlationId":"e956f3c6-3dd8-49e3-82bf-801dfb533fcf","errors":[{"message":"Error in 'context.hutk'. '' is not a valid Hutk","errorType":"INVALID_HUTK"}]}
[03-Sep-2025 09:46:58 UTC] V3 failed (400):  | {"status":"error","message":"The request is not valid","correlationId":"359910c2-fda9-4b39-a676-8c6f0a3f6bb6","errors":[{"message":"Error in 'context.hutk'. '' is not a valid Hutk","errorType":"INVALID_HUTK"}]}
[03-Sep-2025 10:10:19 UTC] V3 failed (400):  | {"status":"error","message":"The request is not valid","correlationId":"3b6cf2eb-8480-4870-8341-527a925c0164","errors":[{"message":"Error in 'context.hutk'. '' is not a valid Hutk","errorType":"INVALID_HUTK"}]}
[04-Sep-2025 05:07:22 UTC] V3 failed (400):  | {"status":"error","message":"The request is not valid","correlationId":"0bb104ab-751d-48b8-b590-345fcad35b8a","errors":[{"message":"Error in 'context.hutk'. '' is not a valid Hutk","errorType":"INVALID_HUTK"}]}
[05-Sep-2025 00:02:50 UTC] Missing fields: firstname,lastname,email,phone,service,company
[05-Sep-2025 07:58:14 UTC] V3 failed (400):  | {"status":"error","message":"The request is not valid","correlationId":"a3b347a4-d5b8-42d3-9dac-92aca52b712a","errors":[{"message":"Error in 'context.hutk'. '' is not a valid Hutk","errorType":"INVALID_HUTK"}]}
[06-Sep-2025 08:23:21 UTC] V3 failed (400):  | {"status":"error","message":"The request is not valid","correlationId":"adf9ac94-43a3-49c3-8307-c2a92af68daf","errors":[{"message":"Error in 'context.hutk'. '' is not a valid Hutk","errorType":"INVALID_HUTK"}]}
[08-Sep-2025 12:24:43 UTC] V3 failed (400):  | {"status":"error","message":"The request is not valid","correlationId":"2e5d016a-fac7-48ca-9b01-bbbe5dbcf322","errors":[{"message":"Error in 'context.hutk'. '' is not a valid Hutk","errorType":"INVALID_HUTK"}]}
[12-Sep-2025 06:46:49 UTC] V3 failed (400):  | {"status":"error","message":"The request is not valid","correlationId":"6f482926-8128-45d8-b555-a2d32291bfb2","errors":[{"message":"Error in 'context.hutk'. '' is not a valid Hutk","errorType":"INVALID_HUTK"}]}
[15-Sep-2025 15:38:23 UTC] Missing fields: firstname,lastname,email,phone,service,company
[16-Sep-2025 10:24:01 UTC] V3 failed (400):  | {"status":"error","message":"The request is not valid","correlationId":"d13af0ed-e956-40cb-a4c7-817c0caf7ff2","errors":[{"message":"Error in 'context.hutk'. '' is not a valid Hutk","errorType":"INVALID_HUTK"}]}
[16-Sep-2025 16:04:35 UTC] Missing fields: service
[17-Sep-2025 03:18:11 UTC] V3 failed (400):  | {"status":"error","message":"The request is not valid","correlationId":"2695930e-e6e6-4aab-bf36-149e12a2f2b3","errors":[{"message":"Error in 'context.hutk'. '' is not a valid Hutk","errorType":"INVALID_HUTK"}]}
[18-Sep-2025 03:47:41 UTC] V3 failed (400):  | {"status":"error","message":"The request is not valid","correlationId":"e802e6ff-ec30-44e5-a178-0e5b3f920e0a","errors":[{"message":"Error in 'context.hutk'. '' is not a valid Hutk","errorType":"INVALID_HUTK"}]}
[18-Sep-2025 15:20:15 UTC] V3 failed (400):  | {"status":"error","message":"The request is not valid","correlationId":"c2652f7d-fcbb-48c6-86dd-30acf078d28c","errors":[{"message":"Error in 'context.hutk'. '' is not a valid Hutk","errorType":"INVALID_HUTK"}]}
[19-Sep-2025 07:13:06 UTC] V3 failed (400):  | {"status":"error","message":"The request is not valid","correlationId":"7a59b2f4-fd34-47a1-b1e7-8d3c089aeaca","errors":[{"message":"Error in 'context.hutk'. '' is not a valid Hutk","errorType":"INVALID_HUTK"}]}
[19-Sep-2025 07:13:07 UTC] V2 failed (400):  | 

  <!doctype html>
  <html>
    <head>
      <!-- FIELD_VALIDATION_ERROR -->
      <meta charset="utf-8">
      <link rel="shortcut icon" href="//static.hsappstatic.net/StyleGuideUI/static-3.60/img/sprocket/favicon.ico" type="image/x-icon">

      <title>Your submission wasn&#39;t valid</title>

      <style>
        html, body { height: 100% }
        body {
          padding: 0;
          margin: 0;
          color: #425b76;
          font-size: 0.875rem;
          line-height: 1.65rem;
          background: #f9fbfd;
          font-family: "Lexend Deca",Helvetica,Arial,sans-serif;
        }
        .outer-container {
          position: relative;
          height: 100%
        }
        .inner-container {
          position: absolute;
          top: 50%;
          left: 50%;
          transform: translate(-50%, -50%);
          max-width: 640px;
          margin: 0 auto;
          background: white;
          box-shadow: 0 1px 4px 0 rgba(0,0,0,0.1);
          border-radius: 0.1875rem;
          padding: 2rem;
        }
        h1, h3 {
          font-weight: 500;
          -webkit-font-smoothing: antialiased;
          -moz-osx-font-smoothing: grayscale;
          font-smoothing: antialiased;
          text-shadow: 0 0 1px transparent;
          line-height: normal;
        }
        h1 {
          font-size: 1.65rem;
          margin-bottom: 1.25rem;
          margin-top: 0;
          position: relative;
        }
        h1::after {
          background-color: #cbd6e2;
          bottom: -10px;
          left: 0;
          width: 100%;
          content: ' ';
          height: 1px;
          position: absolute;
        }
        h3 {
          font-size: 1.45rem;
          margin-bottom: 0.8rem;
          margin-top: 0;
          position: relative;
        }
        a {
          color: #00a4bd;
          text-decoration: none;
        }
        a:hover {
          text-decoration: underline;
        }
      </style>
    </head>
    <body>
      <div class="outer-container">
        <div class="inner-container">
    <h1>Sorry, this submission wasn't valid</h1>
    <ul>
            <li>Field email encountered BLOCKED_EMAIL error.</li>
    </ul>
    <p>Please fix the errors in your submission and retry</p>

        </div>
      </div>
    </body>
  </html>

[20-Sep-2025 08:24:35 UTC] V3 failed (400):  | {"status":"error","message":"The request is not valid","correlationId":"ee4795f5-0ae9-498a-8d4f-b5860de29a6a","errors":[{"message":"Error in 'context.hutk'. '' is not a valid Hutk","errorType":"INVALID_HUTK"}]}
[20-Sep-2025 08:35:16 UTC] V3 failed (400):  | {"status":"error","message":"The request is not valid","correlationId":"5beb686f-81b7-4a65-83a7-8ba2276aae76","errors":[{"message":"Error in 'context.hutk'. '' is not a valid Hutk","errorType":"INVALID_HUTK"}]}
[20-Sep-2025 08:35:16 UTC] V2 failed (400):  | 

  <!doctype html>
  <html>
    <head>
      <!-- FIELD_VALIDATION_ERROR -->
      <meta charset="utf-8">
      <link rel="shortcut icon" href="//static.hsappstatic.net/StyleGuideUI/static-3.60/img/sprocket/favicon.ico" type="image/x-icon">

      <title>Your submission wasn&#39;t valid</title>

      <style>
        html, body { height: 100% }
        body {
          padding: 0;
          margin: 0;
          color: #425b76;
          font-size: 0.875rem;
          line-height: 1.65rem;
          background: #f9fbfd;
          font-family: "Lexend Deca",Helvetica,Arial,sans-serif;
        }
        .outer-container {
          position: relative;
          height: 100%
        }
        .inner-container {
          position: absolute;
          top: 50%;
          left: 50%;
          transform: translate(-50%, -50%);
          max-width: 640px;
          margin: 0 auto;
          background: white;
          box-shadow: 0 1px 4px 0 rgba(0,0,0,0.1);
          border-radius: 0.1875rem;
          padding: 2rem;
        }
        h1, h3 {
          font-weight: 500;
          -webkit-font-smoothing: antialiased;
          -moz-osx-font-smoothing: grayscale;
          font-smoothing: antialiased;
          text-shadow: 0 0 1px transparent;
          line-height: normal;
        }
        h1 {
          font-size: 1.65rem;
          margin-bottom: 1.25rem;
          margin-top: 0;
          position: relative;
        }
        h1::after {
          background-color: #cbd6e2;
          bottom: -10px;
          left: 0;
          width: 100%;
          content: ' ';
          height: 1px;
          position: absolute;
        }
        h3 {
          font-size: 1.45rem;
          margin-bottom: 0.8rem;
          margin-top: 0;
          position: relative;
        }
        a {
          color: #00a4bd;
          text-decoration: none;
        }
        a:hover {
          text-decoration: underline;
        }
      </style>
    </head>
    <body>
      <div class="outer-container">
        <div class="inner-container">
    <h1>Sorry, this submission wasn't valid</h1>
    <ul>
            <li>Field email encountered BLOCKED_EMAIL error.</li>
    </ul>
    <p>Please fix the errors in your submission and retry</p>

        </div>
      </div>
    </body>
  </html>

[21-Sep-2025 01:06:12 UTC] V3 failed (400):  | {"status":"error","message":"The request is not valid","correlationId":"00f28edc-c688-46ee-b19c-9842b49b6f86","errors":[{"message":"Error in 'context.hutk'. '' is not a valid Hutk","errorType":"INVALID_HUTK"}]}
[21-Sep-2025 01:06:13 UTC] V2 failed (400):  | 

  <!doctype html>
  <html>
    <head>
      <!-- FIELD_VALIDATION_ERROR -->
      <meta charset="utf-8">
      <link rel="shortcut icon" href="//static.hsappstatic.net/StyleGuideUI/static-3.60/img/sprocket/favicon.ico" type="image/x-icon">

      <title>Your submission wasn&#39;t valid</title>

      <style>
        html, body { height: 100% }
        body {
          padding: 0;
          margin: 0;
          color: #425b76;
          font-size: 0.875rem;
          line-height: 1.65rem;
          background: #f9fbfd;
          font-family: "Lexend Deca",Helvetica,Arial,sans-serif;
        }
        .outer-container {
          position: relative;
          height: 100%
        }
        .inner-container {
          position: absolute;
          top: 50%;
          left: 50%;
          transform: translate(-50%, -50%);
          max-width: 640px;
          margin: 0 auto;
          background: white;
          box-shadow: 0 1px 4px 0 rgba(0,0,0,0.1);
          border-radius: 0.1875rem;
          padding: 2rem;
        }
        h1, h3 {
          font-weight: 500;
          -webkit-font-smoothing: antialiased;
          -moz-osx-font-smoothing: grayscale;
          font-smoothing: antialiased;
          text-shadow: 0 0 1px transparent;
          line-height: normal;
        }
        h1 {
          font-size: 1.65rem;
          margin-bottom: 1.25rem;
          margin-top: 0;
          position: relative;
        }
        h1::after {
          background-color: #cbd6e2;
          bottom: -10px;
          left: 0;
          width: 100%;
          content: ' ';
          height: 1px;
          position: absolute;
        }
        h3 {
          font-size: 1.45rem;
          margin-bottom: 0.8rem;
          margin-top: 0;
          position: relative;
        }
        a {
          color: #00a4bd;
          text-decoration: none;
        }
        a:hover {
          text-decoration: underline;
        }
      </style>
    </head>
    <body>
      <div class="outer-container">
        <div class="inner-container">
    <h1>Sorry, this submission wasn't valid</h1>
    <ul>
            <li>Field email encountered BLOCKED_EMAIL error.</li>
    </ul>
    <p>Please fix the errors in your submission and retry</p>

        </div>
      </div>
    </body>
  </html>

[21-Sep-2025 11:17:20 UTC] V3 failed (400):  | {"status":"error","message":"The request is not valid","correlationId":"908d5f1a-8e8a-4e9a-88e2-93cf6977fec7","errors":[{"message":"Error in 'context.hutk'. '' is not a valid Hutk","errorType":"INVALID_HUTK"}]}
[21-Sep-2025 11:17:20 UTC] V2 failed (400):  | 

  <!doctype html>
  <html>
    <head>
      <!-- FIELD_VALIDATION_ERROR -->
      <meta charset="utf-8">
      <link rel="shortcut icon" href="//static.hsappstatic.net/StyleGuideUI/static-3.60/img/sprocket/favicon.ico" type="image/x-icon">

      <title>Your submission wasn&#39;t valid</title>

      <style>
        html, body { height: 100% }
        body {
          padding: 0;
          margin: 0;
          color: #425b76;
          font-size: 0.875rem;
          line-height: 1.65rem;
          background: #f9fbfd;
          font-family: "Lexend Deca",Helvetica,Arial,sans-serif;
        }
        .outer-container {
          position: relative;
          height: 100%
        }
        .inner-container {
          position: absolute;
          top: 50%;
          left: 50%;
          transform: translate(-50%, -50%);
          max-width: 640px;
          margin: 0 auto;
          background: white;
          box-shadow: 0 1px 4px 0 rgba(0,0,0,0.1);
          border-radius: 0.1875rem;
          padding: 2rem;
        }
        h1, h3 {
          font-weight: 500;
          -webkit-font-smoothing: antialiased;
          -moz-osx-font-smoothing: grayscale;
          font-smoothing: antialiased;
          text-shadow: 0 0 1px transparent;
          line-height: normal;
        }
        h1 {
          font-size: 1.65rem;
          margin-bottom: 1.25rem;
          margin-top: 0;
          position: relative;
        }
        h1::after {
          background-color: #cbd6e2;
          bottom: -10px;
          left: 0;
          width: 100%;
          content: ' ';
          height: 1px;
          position: absolute;
        }
        h3 {
          font-size: 1.45rem;
          margin-bottom: 0.8rem;
          margin-top: 0;
          position: relative;
        }
        a {
          color: #00a4bd;
          text-decoration: none;
        }
        a:hover {
          text-decoration: underline;
        }
      </style>
    </head>
    <body>
      <div class="outer-container">
        <div class="inner-container">
    <h1>Sorry, this submission wasn't valid</h1>
    <ul>
            <li>Field email encountered BLOCKED_EMAIL error.</li>
    </ul>
    <p>Please fix the errors in your submission and retry</p>

        </div>
      </div>
    </body>
  </html>

[22-Sep-2025 08:29:50 UTC] V3 failed (400):  | {"status":"error","message":"The request is not valid","correlationId":"7b7a6fc2-0097-4553-8942-6a553ea69140","errors":[{"message":"Error in 'context.hutk'. '' is not a valid Hutk","errorType":"INVALID_HUTK"}]}
[22-Sep-2025 08:29:50 UTC] V2 failed (400):  | 

  <!doctype html>
  <html>
    <head>
      <!-- FIELD_VALIDATION_ERROR -->
      <meta charset="utf-8">
      <link rel="shortcut icon" href="//static.hsappstatic.net/StyleGuideUI/static-3.60/img/sprocket/favicon.ico" type="image/x-icon">

      <title>Your submission wasn&#39;t valid</title>

      <style>
        html, body { height: 100% }
        body {
          padding: 0;
          margin: 0;
          color: #425b76;
          font-size: 0.875rem;
          line-height: 1.65rem;
          background: #f9fbfd;
          font-family: "Lexend Deca",Helvetica,Arial,sans-serif;
        }
        .outer-container {
          position: relative;
          height: 100%
        }
        .inner-container {
          position: absolute;
          top: 50%;
          left: 50%;
          transform: translate(-50%, -50%);
          max-width: 640px;
          margin: 0 auto;
          background: white;
          box-shadow: 0 1px 4px 0 rgba(0,0,0,0.1);
          border-radius: 0.1875rem;
          padding: 2rem;
        }
        h1, h3 {
          font-weight: 500;
          -webkit-font-smoothing: antialiased;
          -moz-osx-font-smoothing: grayscale;
          font-smoothing: antialiased;
          text-shadow: 0 0 1px transparent;
          line-height: normal;
        }
        h1 {
          font-size: 1.65rem;
          margin-bottom: 1.25rem;
          margin-top: 0;
          position: relative;
        }
        h1::after {
          background-color: #cbd6e2;
          bottom: -10px;
          left: 0;
          width: 100%;
          content: ' ';
          height: 1px;
          position: absolute;
        }
        h3 {
          font-size: 1.45rem;
          margin-bottom: 0.8rem;
          margin-top: 0;
          position: relative;
        }
        a {
          color: #00a4bd;
          text-decoration: none;
        }
        a:hover {
          text-decoration: underline;
        }
      </style>
    </head>
    <body>
      <div class="outer-container">
        <div class="inner-container">
    <h1>Sorry, this submission wasn't valid</h1>
    <ul>
            <li>Field email encountered BLOCKED_EMAIL error.</li>
    </ul>
    <p>Please fix the errors in your submission and retry</p>

        </div>
      </div>
    </body>
  </html>

[23-Sep-2025 00:26:55 UTC] V3 failed (400):  | {"status":"error","message":"The request is not valid","correlationId":"a09df2cc-26fa-4f63-a881-7e871b2a0a43","errors":[{"message":"Error in 'context.hutk'. '' is not a valid Hutk","errorType":"INVALID_HUTK"}]}
[23-Sep-2025 00:26:55 UTC] V2 failed (400):  | 

  <!doctype html>
  <html>
    <head>
      <!-- FIELD_VALIDATION_ERROR -->
      <meta charset="utf-8">
      <link rel="shortcut icon" href="//static.hsappstatic.net/StyleGuideUI/static-3.60/img/sprocket/favicon.ico" type="image/x-icon">

      <title>Your submission wasn&#39;t valid</title>

      <style>
        html, body { height: 100% }
        body {
          padding: 0;
          margin: 0;
          color: #425b76;
          font-size: 0.875rem;
          line-height: 1.65rem;
          background: #f9fbfd;
          font-family: "Lexend Deca",Helvetica,Arial,sans-serif;
        }
        .outer-container {
          position: relative;
          height: 100%
        }
        .inner-container {
          position: absolute;
          top: 50%;
          left: 50%;
          transform: translate(-50%, -50%);
          max-width: 640px;
          margin: 0 auto;
          background: white;
          box-shadow: 0 1px 4px 0 rgba(0,0,0,0.1);
          border-radius: 0.1875rem;
          padding: 2rem;
        }
        h1, h3 {
          font-weight: 500;
          -webkit-font-smoothing: antialiased;
          -moz-osx-font-smoothing: grayscale;
          font-smoothing: antialiased;
          text-shadow: 0 0 1px transparent;
          line-height: normal;
        }
        h1 {
          font-size: 1.65rem;
          margin-bottom: 1.25rem;
          margin-top: 0;
          position: relative;
        }
        h1::after {
          background-color: #cbd6e2;
          bottom: -10px;
          left: 0;
          width: 100%;
          content: ' ';
          height: 1px;
          position: absolute;
        }
        h3 {
          font-size: 1.45rem;
          margin-bottom: 0.8rem;
          margin-top: 0;
          position: relative;
        }
        a {
          color: #00a4bd;
          text-decoration: none;
        }
        a:hover {
          text-decoration: underline;
        }
      </style>
    </head>
    <body>
      <div class="outer-container">
        <div class="inner-container">
    <h1>Sorry, this submission wasn't valid</h1>
    <ul>
            <li>Field email encountered BLOCKED_EMAIL error.</li>
    </ul>
    <p>Please fix the errors in your submission and retry</p>

        </div>
      </div>
    </body>
  </html>

[23-Sep-2025 11:31:22 UTC] V3 failed (400):  | {"status":"error","message":"The request is not valid","correlationId":"44d924cf-1889-4531-91b5-33b99d936d6a","errors":[{"message":"Error in 'context.hutk'. '' is not a valid Hutk","errorType":"INVALID_HUTK"}]}
[23-Sep-2025 11:31:22 UTC] V2 failed (400):  | 

  <!doctype html>
  <html>
    <head>
      <!-- FIELD_VALIDATION_ERROR -->
      <meta charset="utf-8">
      <link rel="shortcut icon" href="//static.hsappstatic.net/StyleGuideUI/static-3.60/img/sprocket/favicon.ico" type="image/x-icon">

      <title>Your submission wasn&#39;t valid</title>

      <style>
        html, body { height: 100% }
        body {
          padding: 0;
          margin: 0;
          color: #425b76;
          font-size: 0.875rem;
          line-height: 1.65rem;
          background: #f9fbfd;
          font-family: "Lexend Deca",Helvetica,Arial,sans-serif;
        }
        .outer-container {
          position: relative;
          height: 100%
        }
        .inner-container {
          position: absolute;
          top: 50%;
          left: 50%;
          transform: translate(-50%, -50%);
          max-width: 640px;
          margin: 0 auto;
          background: white;
          box-shadow: 0 1px 4px 0 rgba(0,0,0,0.1);
          border-radius: 0.1875rem;
          padding: 2rem;
        }
        h1, h3 {
          font-weight: 500;
          -webkit-font-smoothing: antialiased;
          -moz-osx-font-smoothing: grayscale;
          font-smoothing: antialiased;
          text-shadow: 0 0 1px transparent;
          line-height: normal;
        }
        h1 {
          font-size: 1.65rem;
          margin-bottom: 1.25rem;
          margin-top: 0;
          position: relative;
        }
        h1::after {
          background-color: #cbd6e2;
          bottom: -10px;
          left: 0;
          width: 100%;
          content: ' ';
          height: 1px;
          position: absolute;
        }
        h3 {
          font-size: 1.45rem;
          margin-bottom: 0.8rem;
          margin-top: 0;
          position: relative;
        }
        a {
          color: #00a4bd;
          text-decoration: none;
        }
        a:hover {
          text-decoration: underline;
        }
      </style>
    </head>
    <body>
      <div class="outer-container">
        <div class="inner-container">
    <h1>Sorry, this submission wasn't valid</h1>
    <ul>
            <li>Field email encountered BLOCKED_EMAIL error.</li>
    </ul>
    <p>Please fix the errors in your submission and retry</p>

        </div>
      </div>
    </body>
  </html>

[24-Sep-2025 03:32:08 UTC] V3 failed (400):  | {"status":"error","message":"The request is not valid","correlationId":"97366b1c-bd92-459e-ad6b-e7c97fd949ba","errors":[{"message":"Error in 'context.hutk'. '' is not a valid Hutk","errorType":"INVALID_HUTK"}]}
[24-Sep-2025 03:32:08 UTC] V2 failed (400):  | 

  <!doctype html>
  <html>
    <head>
      <!-- FIELD_VALIDATION_ERROR -->
      <meta charset="utf-8">
      <link rel="shortcut icon" href="//static.hsappstatic.net/StyleGuideUI/static-3.60/img/sprocket/favicon.ico" type="image/x-icon">

      <title>Your submission wasn&#39;t valid</title>

      <style>
        html, body { height: 100% }
        body {
          padding: 0;
          margin: 0;
          color: #425b76;
          font-size: 0.875rem;
          line-height: 1.65rem;
          background: #f9fbfd;
          font-family: "Lexend Deca",Helvetica,Arial,sans-serif;
        }
        .outer-container {
          position: relative;
          height: 100%
        }
        .inner-container {
          position: absolute;
          top: 50%;
          left: 50%;
          transform: translate(-50%, -50%);
          max-width: 640px;
          margin: 0 auto;
          background: white;
          box-shadow: 0 1px 4px 0 rgba(0,0,0,0.1);
          border-radius: 0.1875rem;
          padding: 2rem;
        }
        h1, h3 {
          font-weight: 500;
          -webkit-font-smoothing: antialiased;
          -moz-osx-font-smoothing: grayscale;
          font-smoothing: antialiased;
          text-shadow: 0 0 1px transparent;
          line-height: normal;
        }
        h1 {
          font-size: 1.65rem;
          margin-bottom: 1.25rem;
          margin-top: 0;
          position: relative;
        }
        h1::after {
          background-color: #cbd6e2;
          bottom: -10px;
          left: 0;
          width: 100%;
          content: ' ';
          height: 1px;
          position: absolute;
        }
        h3 {
          font-size: 1.45rem;
          margin-bottom: 0.8rem;
          margin-top: 0;
          position: relative;
        }
        a {
          color: #00a4bd;
          text-decoration: none;
        }
        a:hover {
          text-decoration: underline;
        }
      </style>
    </head>
    <body>
      <div class="outer-container">
        <div class="inner-container">
    <h1>Sorry, this submission wasn't valid</h1>
    <ul>
            <li>Field email encountered BLOCKED_EMAIL error.</li>
    </ul>
    <p>Please fix the errors in your submission and retry</p>

        </div>
      </div>
    </body>
  </html>

[24-Sep-2025 19:02:31 UTC] V3 failed (400):  | {"status":"error","message":"The request is not valid","correlationId":"d7fc775b-aad5-4a57-82d4-cfdb86985e77","errors":[{"message":"Error in 'context.hutk'. '' is not a valid Hutk","errorType":"INVALID_HUTK"}]}
[24-Sep-2025 19:02:31 UTC] V2 failed (400):  | 

  <!doctype html>
  <html>
    <head>
      <!-- FIELD_VALIDATION_ERROR -->
      <meta charset="utf-8">
      <link rel="shortcut icon" href="//static.hsappstatic.net/StyleGuideUI/static-3.60/img/sprocket/favicon.ico" type="image/x-icon">

      <title>Your submission wasn&#39;t valid</title>

      <style>
        html, body { height: 100% }
        body {
          padding: 0;
          margin: 0;
          color: #425b76;
          font-size: 0.875rem;
          line-height: 1.65rem;
          background: #f9fbfd;
          font-family: "Lexend Deca",Helvetica,Arial,sans-serif;
        }
        .outer-container {
          position: relative;
          height: 100%
        }
        .inner-container {
          position: absolute;
          top: 50%;
          left: 50%;
          transform: translate(-50%, -50%);
          max-width: 640px;
          margin: 0 auto;
          background: white;
          box-shadow: 0 1px 4px 0 rgba(0,0,0,0.1);
          border-radius: 0.1875rem;
          padding: 2rem;
        }
        h1, h3 {
          font-weight: 500;
          -webkit-font-smoothing: antialiased;
          -moz-osx-font-smoothing: grayscale;
          font-smoothing: antialiased;
          text-shadow: 0 0 1px transparent;
          line-height: normal;
        }
        h1 {
          font-size: 1.65rem;
          margin-bottom: 1.25rem;
          margin-top: 0;
          position: relative;
        }
        h1::after {
          background-color: #cbd6e2;
          bottom: -10px;
          left: 0;
          width: 100%;
          content: ' ';
          height: 1px;
          position: absolute;
        }
        h3 {
          font-size: 1.45rem;
          margin-bottom: 0.8rem;
          margin-top: 0;
          position: relative;
        }
        a {
          color: #00a4bd;
          text-decoration: none;
        }
        a:hover {
          text-decoration: underline;
        }
      </style>
    </head>
    <body>
      <div class="outer-container">
        <div class="inner-container">
    <h1>Sorry, this submission wasn't valid</h1>
    <ul>
            <li>Field email encountered BLOCKED_EMAIL error.</li>
    </ul>
    <p>Please fix the errors in your submission and retry</p>

        </div>
      </div>
    </body>
  </html>

[25-Sep-2025 10:14:53 UTC] V3 failed (400):  | {"status":"error","message":"The request is not valid","correlationId":"27ce62ba-e607-46f8-aa97-4b53f92c0b61","errors":[{"message":"Error in 'context.hutk'. '' is not a valid Hutk","errorType":"INVALID_HUTK"}]}
[25-Sep-2025 10:14:53 UTC] V2 failed (400):  | 

  <!doctype html>
  <html>
    <head>
      <!-- FIELD_VALIDATION_ERROR -->
      <meta charset="utf-8">
      <link rel="shortcut icon" href="//static.hsappstatic.net/StyleGuideUI/static-3.60/img/sprocket/favicon.ico" type="image/x-icon">

      <title>Your submission wasn&#39;t valid</title>

      <style>
        html, body { height: 100% }
        body {
          padding: 0;
          margin: 0;
          color: #425b76;
          font-size: 0.875rem;
          line-height: 1.65rem;
          background: #f9fbfd;
          font-family: "Lexend Deca",Helvetica,Arial,sans-serif;
        }
        .outer-container {
          position: relative;
          height: 100%
        }
        .inner-container {
          position: absolute;
          top: 50%;
          left: 50%;
          transform: translate(-50%, -50%);
          max-width: 640px;
          margin: 0 auto;
          background: white;
          box-shadow: 0 1px 4px 0 rgba(0,0,0,0.1);
          border-radius: 0.1875rem;
          padding: 2rem;
        }
        h1, h3 {
          font-weight: 500;
          -webkit-font-smoothing: antialiased;
          -moz-osx-font-smoothing: grayscale;
          font-smoothing: antialiased;
          text-shadow: 0 0 1px transparent;
          line-height: normal;
        }
        h1 {
          font-size: 1.65rem;
          margin-bottom: 1.25rem;
          margin-top: 0;
          position: relative;
        }
        h1::after {
          background-color: #cbd6e2;
          bottom: -10px;
          left: 0;
          width: 100%;
          content: ' ';
          height: 1px;
          position: absolute;
        }
        h3 {
          font-size: 1.45rem;
          margin-bottom: 0.8rem;
          margin-top: 0;
          position: relative;
        }
        a {
          color: #00a4bd;
          text-decoration: none;
        }
        a:hover {
          text-decoration: underline;
        }
      </style>
    </head>
    <body>
      <div class="outer-container">
        <div class="inner-container">
    <h1>Sorry, this submission wasn't valid</h1>
    <ul>
            <li>Field email encountered BLOCKED_EMAIL error.</li>
    </ul>
    <p>Please fix the errors in your submission and retry</p>

        </div>
      </div>
    </body>
  </html>

[26-Sep-2025 13:35:31 UTC] V3 failed (400):  | {"status":"error","message":"The request is not valid","correlationId":"a95fca99-27c9-41bd-8a48-ce151c867568","errors":[{"message":"Error in 'context.hutk'. '' is not a valid Hutk","errorType":"INVALID_HUTK"}]}
[26-Sep-2025 13:51:39 UTC] Missing fields: service
[26-Sep-2025 21:39:24 UTC] V3 failed (400):  | {"status":"error","message":"The request is not valid","correlationId":"94629e09-edcc-45ca-ad2f-f85d0a5b5ecd","errors":[{"message":"Error in 'context.hutk'. '' is not a valid Hutk","errorType":"INVALID_HUTK"}]}
[26-Sep-2025 21:39:24 UTC] V2 failed (400):  | 

  <!doctype html>
  <html>
    <head>
      <!-- FIELD_VALIDATION_ERROR -->
      <meta charset="utf-8">
      <link rel="shortcut icon" href="//static.hsappstatic.net/StyleGuideUI/static-3.60/img/sprocket/favicon.ico" type="image/x-icon">

      <title>Your submission wasn&#39;t valid</title>

      <style>
        html, body { height: 100% }
        body {
          padding: 0;
          margin: 0;
          color: #425b76;
          font-size: 0.875rem;
          line-height: 1.65rem;
          background: #f9fbfd;
          font-family: "Lexend Deca",Helvetica,Arial,sans-serif;
        }
        .outer-container {
          position: relative;
          height: 100%
        }
        .inner-container {
          position: absolute;
          top: 50%;
          left: 50%;
          transform: translate(-50%, -50%);
          max-width: 640px;
          margin: 0 auto;
          background: white;
          box-shadow: 0 1px 4px 0 rgba(0,0,0,0.1);
          border-radius: 0.1875rem;
          padding: 2rem;
        }
        h1, h3 {
          font-weight: 500;
          -webkit-font-smoothing: antialiased;
          -moz-osx-font-smoothing: grayscale;
          font-smoothing: antialiased;
          text-shadow: 0 0 1px transparent;
          line-height: normal;
        }
        h1 {
          font-size: 1.65rem;
          margin-bottom: 1.25rem;
          margin-top: 0;
          position: relative;
        }
        h1::after {
          background-color: #cbd6e2;
          bottom: -10px;
          left: 0;
          width: 100%;
          content: ' ';
          height: 1px;
          position: absolute;
        }
        h3 {
          font-size: 1.45rem;
          margin-bottom: 0.8rem;
          margin-top: 0;
          position: relative;
        }
        a {
          color: #00a4bd;
          text-decoration: none;
        }
        a:hover {
          text-decoration: underline;
        }
      </style>
    </head>
    <body>
      <div class="outer-container">
        <div class="inner-container">
    <h1>Sorry, this submission wasn't valid</h1>
    <ul>
            <li>Field email encountered BLOCKED_EMAIL error.</li>
    </ul>
    <p>Please fix the errors in your submission and retry</p>

        </div>
      </div>
    </body>
  </html>

[27-Sep-2025 06:43:35 UTC] V3 failed (400):  | {"status":"error","message":"The request is not valid","correlationId":"71c146c6-b493-4b9b-87fb-3320d40e827b","errors":[{"message":"Error in 'context.hutk'. '' is not a valid Hutk","errorType":"INVALID_HUTK"}]}
[27-Sep-2025 17:50:43 UTC] V3 failed (400):  | {"status":"error","message":"The request is not valid","correlationId":"bb92f2ed-a040-4cdf-9ec6-fa4c87abb5aa","errors":[{"message":"Error in 'context.hutk'. '' is not a valid Hutk","errorType":"INVALID_HUTK"}]}
[27-Sep-2025 17:50:43 UTC] V2 failed (400):  | 

  <!doctype html>
  <html>
    <head>
      <!-- FIELD_VALIDATION_ERROR -->
      <meta charset="utf-8">
      <link rel="shortcut icon" href="//static.hsappstatic.net/StyleGuideUI/static-3.60/img/sprocket/favicon.ico" type="image/x-icon">

      <title>Your submission wasn&#39;t valid</title>

      <style>
        html, body { height: 100% }
        body {
          padding: 0;
          margin: 0;
          color: #425b76;
          font-size: 0.875rem;
          line-height: 1.65rem;
          background: #f9fbfd;
          font-family: "Lexend Deca",Helvetica,Arial,sans-serif;
        }
        .outer-container {
          position: relative;
          height: 100%
        }
        .inner-container {
          position: absolute;
          top: 50%;
          left: 50%;
          transform: translate(-50%, -50%);
          max-width: 640px;
          margin: 0 auto;
          background: white;
          box-shadow: 0 1px 4px 0 rgba(0,0,0,0.1);
          border-radius: 0.1875rem;
          padding: 2rem;
        }
        h1, h3 {
          font-weight: 500;
          -webkit-font-smoothing: antialiased;
          -moz-osx-font-smoothing: grayscale;
          font-smoothing: antialiased;
          text-shadow: 0 0 1px transparent;
          line-height: normal;
        }
        h1 {
          font-size: 1.65rem;
          margin-bottom: 1.25rem;
          margin-top: 0;
          position: relative;
        }
        h1::after {
          background-color: #cbd6e2;
          bottom: -10px;
          left: 0;
          width: 100%;
          content: ' ';
          height: 1px;
          position: absolute;
        }
        h3 {
          font-size: 1.45rem;
          margin-bottom: 0.8rem;
          margin-top: 0;
          position: relative;
        }
        a {
          color: #00a4bd;
          text-decoration: none;
        }
        a:hover {
          text-decoration: underline;
        }
      </style>
    </head>
    <body>
      <div class="outer-container">
        <div class="inner-container">
    <h1>Sorry, this submission wasn't valid</h1>
    <ul>
            <li>Field email encountered BLOCKED_EMAIL error.</li>
    </ul>
    <p>Please fix the errors in your submission and retry</p>

        </div>
      </div>
    </body>
  </html>

[28-Sep-2025 08:46:04 UTC] V3 failed (400):  | {"status":"error","message":"The request is not valid","correlationId":"906d1bbe-ec30-40ef-a5d7-708482364097","errors":[{"message":"Error in 'context.hutk'. '' is not a valid Hutk","errorType":"INVALID_HUTK"}]}
[29-Sep-2025 07:03:41 UTC] V3 failed (400):  | {"status":"error","message":"The request is not valid","correlationId":"9a545e48-4ec4-4f20-a7af-d41eb70a6151","errors":[{"message":"Error in 'context.hutk'. '' is not a valid Hutk","errorType":"INVALID_HUTK"}]}
[29-Sep-2025 07:03:41 UTC] V2 failed (400):  | 

  <!doctype html>
  <html>
    <head>
      <!-- FIELD_VALIDATION_ERROR -->
      <meta charset="utf-8">
      <link rel="shortcut icon" href="//static.hsappstatic.net/StyleGuideUI/static-3.60/img/sprocket/favicon.ico" type="image/x-icon">

      <title>Your submission wasn&#39;t valid</title>

      <style>
        html, body { height: 100% }
        body {
          padding: 0;
          margin: 0;
          color: #425b76;
          font-size: 0.875rem;
          line-height: 1.65rem;
          background: #f9fbfd;
          font-family: "Lexend Deca",Helvetica,Arial,sans-serif;
        }
        .outer-container {
          position: relative;
          height: 100%
        }
        .inner-container {
          position: absolute;
          top: 50%;
          left: 50%;
          transform: translate(-50%, -50%);
          max-width: 640px;
          margin: 0 auto;
          background: white;
          box-shadow: 0 1px 4px 0 rgba(0,0,0,0.1);
          border-radius: 0.1875rem;
          padding: 2rem;
        }
        h1, h3 {
          font-weight: 500;
          -webkit-font-smoothing: antialiased;
          -moz-osx-font-smoothing: grayscale;
          font-smoothing: antialiased;
          text-shadow: 0 0 1px transparent;
          line-height: normal;
        }
        h1 {
          font-size: 1.65rem;
          margin-bottom: 1.25rem;
          margin-top: 0;
          position: relative;
        }
        h1::after {
          background-color: #cbd6e2;
          bottom: -10px;
          left: 0;
          width: 100%;
          content: ' ';
          height: 1px;
          position: absolute;
        }
        h3 {
          font-size: 1.45rem;
          margin-bottom: 0.8rem;
          margin-top: 0;
          position: relative;
        }
        a {
          color: #00a4bd;
          text-decoration: none;
        }
        a:hover {
          text-decoration: underline;
        }
      </style>
    </head>
    <body>
      <div class="outer-container">
        <div class="inner-container">
    <h1>Sorry, this submission wasn't valid</h1>
    <ul>
            <li>Field email encountered BLOCKED_EMAIL error.</li>
    </ul>
    <p>Please fix the errors in your submission and retry</p>

        </div>
      </div>
    </body>
  </html>

[29-Sep-2025 17:55:40 UTC] Missing fields: firstname,lastname,email,phone,service,company
[29-Sep-2025 18:57:38 UTC] Missing fields: firstname,lastname,email,phone,service,company
[29-Sep-2025 23:06:00 UTC] V3 failed (400):  | {"status":"error","message":"The request is not valid","correlationId":"f01a441b-f92b-4c60-937f-82dbdd7b2da5","errors":[{"message":"Error in 'context.hutk'. '' is not a valid Hutk","errorType":"INVALID_HUTK"}]}
[29-Sep-2025 23:06:01 UTC] V2 failed (400):  | 

  <!doctype html>
  <html>
    <head>
      <!-- FIELD_VALIDATION_ERROR -->
      <meta charset="utf-8">
      <link rel="shortcut icon" href="//static.hsappstatic.net/StyleGuideUI/static-3.60/img/sprocket/favicon.ico" type="image/x-icon">

      <title>Your submission wasn&#39;t valid</title>

      <style>
        html, body { height: 100% }
        body {
          padding: 0;
          margin: 0;
          color: #425b76;
          font-size: 0.875rem;
          line-height: 1.65rem;
          background: #f9fbfd;
          font-family: "Lexend Deca",Helvetica,Arial,sans-serif;
        }
        .outer-container {
          position: relative;
          height: 100%
        }
        .inner-container {
          position: absolute;
          top: 50%;
          left: 50%;
          transform: translate(-50%, -50%);
          max-width: 640px;
          margin: 0 auto;
          background: white;
          box-shadow: 0 1px 4px 0 rgba(0,0,0,0.1);
          border-radius: 0.1875rem;
          padding: 2rem;
        }
        h1, h3 {
          font-weight: 500;
          -webkit-font-smoothing: antialiased;
          -moz-osx-font-smoothing: grayscale;
          font-smoothing: antialiased;
          text-shadow: 0 0 1px transparent;
          line-height: normal;
        }
        h1 {
          font-size: 1.65rem;
          margin-bottom: 1.25rem;
          margin-top: 0;
          position: relative;
        }
        h1::after {
          background-color: #cbd6e2;
          bottom: -10px;
          left: 0;
          width: 100%;
          content: ' ';
          height: 1px;
          position: absolute;
        }
        h3 {
          font-size: 1.45rem;
          margin-bottom: 0.8rem;
          margin-top: 0;
          position: relative;
        }
        a {
          color: #00a4bd;
          text-decoration: none;
        }
        a:hover {
          text-decoration: underline;
        }
      </style>
    </head>
    <body>
      <div class="outer-container">
        <div class="inner-container">
    <h1>Sorry, this submission wasn't valid</h1>
    <ul>
            <li>Field email encountered BLOCKED_EMAIL error.</li>
    </ul>
    <p>Please fix the errors in your submission and retry</p>

        </div>
      </div>
    </body>
  </html>

[01-Oct-2025 20:30:40 UTC] V3 failed (400):  | {"status":"error","message":"The request is not valid","correlationId":"234d9cb1-be06-4bc9-8efd-7c32a6a735f3","errors":[{"message":"Error in 'context.hutk'. '' is not a valid Hutk","errorType":"INVALID_HUTK"}]}
[01-Oct-2025 20:31:24 UTC] V3 failed (400):  | {"status":"error","message":"The request is not valid","correlationId":"17ba4c0f-3722-4628-beb3-ccbf5f41fa2f","errors":[{"message":"Error in 'context.hutk'. '' is not a valid Hutk","errorType":"INVALID_HUTK"}]}
[01-Oct-2025 23:21:05 UTC] V3 failed (400):  | {"status":"error","message":"The request is not valid","correlationId":"f12cdf85-3cef-4535-80f0-a2de75da9b34","errors":[{"message":"Error in 'context.hutk'. '' is not a valid Hutk","errorType":"INVALID_HUTK"}]}
[04-Oct-2025 10:52:35 UTC] V3 failed (400):  | {"status":"error","message":"The request is not valid","correlationId":"157090ff-5d5e-4221-9f60-9f8559c36aea","errors":[{"message":"Error in 'context.hutk'. '' is not a valid Hutk","errorType":"INVALID_HUTK"}]}
[05-Oct-2025 00:22:38 UTC] V3 failed (400):  | {"status":"error","message":"The request is not valid","correlationId":"3d5bfc10-1d52-47a3-93a2-010091441332","errors":[{"message":"Error in 'context.hutk'. '' is not a valid Hutk","errorType":"INVALID_HUTK"}]}
[07-Oct-2025 09:56:54 UTC] V3 failed (400):  | {"status":"error","message":"The request is not valid","correlationId":"00644b08-abe3-4f35-ba7a-e9fe6c0210bf","errors":[{"message":"Error in 'fields.email'. Submission from this email address are not allowed","errorType":"BLOCKED_EMAIL"}]}
[07-Oct-2025 09:56:55 UTC] V2 failed (400):  | 

  <!doctype html>
  <html>
    <head>
      <!-- FIELD_VALIDATION_ERROR -->
      <meta charset="utf-8">
      <link rel="shortcut icon" href="//static.hsappstatic.net/StyleGuideUI/static-3.60/img/sprocket/favicon.ico" type="image/x-icon">

      <title>Your submission wasn&#39;t valid</title>

      <style>
        html, body { height: 100% }
        body {
          padding: 0;
          margin: 0;
          color: #425b76;
          font-size: 0.875rem;
          line-height: 1.65rem;
          background: #f9fbfd;
          font-family: "Lexend Deca",Helvetica,Arial,sans-serif;
        }
        .outer-container {
          position: relative;
          height: 100%
        }
        .inner-container {
          position: absolute;
          top: 50%;
          left: 50%;
          transform: translate(-50%, -50%);
          max-width: 640px;
          margin: 0 auto;
          background: white;
          box-shadow: 0 1px 4px 0 rgba(0,0,0,0.1);
          border-radius: 0.1875rem;
          padding: 2rem;
        }
        h1, h3 {
          font-weight: 500;
          -webkit-font-smoothing: antialiased;
          -moz-osx-font-smoothing: grayscale;
          font-smoothing: antialiased;
          text-shadow: 0 0 1px transparent;
          line-height: normal;
        }
        h1 {
          font-size: 1.65rem;
          margin-bottom: 1.25rem;
          margin-top: 0;
          position: relative;
        }
        h1::after {
          background-color: #cbd6e2;
          bottom: -10px;
          left: 0;
          width: 100%;
          content: ' ';
          height: 1px;
          position: absolute;
        }
        h3 {
          font-size: 1.45rem;
          margin-bottom: 0.8rem;
          margin-top: 0;
          position: relative;
        }
        a {
          color: #00a4bd;
          text-decoration: none;
        }
        a:hover {
          text-decoration: underline;
        }
      </style>
    </head>
    <body>
      <div class="outer-container">
        <div class="inner-container">
    <h1>Sorry, this submission wasn't valid</h1>
    <ul>
            <li>Field email encountered BLOCKED_EMAIL error.</li>
    </ul>
    <p>Please fix the errors in your submission and retry</p>

        </div>
      </div>
    </body>
  </html>

[08-Oct-2025 22:22:26 UTC] V3 failed (400):  | {"status":"error","message":"The request is not valid","correlationId":"30743ea2-d5b6-40a4-9c88-1a5a0f9ba861","errors":[{"message":"Error in 'context.hutk'. '' is not a valid Hutk","errorType":"INVALID_HUTK"}]}
[08-Oct-2025 22:22:26 UTC] V2 failed (400):  | 

  <!doctype html>
  <html>
    <head>
      <!-- FIELD_VALIDATION_ERROR -->
      <meta charset="utf-8">
      <link rel="shortcut icon" href="//static.hsappstatic.net/StyleGuideUI/static-3.60/img/sprocket/favicon.ico" type="image/x-icon">

      <title>Your submission wasn&#39;t valid</title>

      <style>
        html, body { height: 100% }
        body {
          padding: 0;
          margin: 0;
          color: #425b76;
          font-size: 0.875rem;
          line-height: 1.65rem;
          background: #f9fbfd;
          font-family: "Lexend Deca",Helvetica,Arial,sans-serif;
        }
        .outer-container {
          position: relative;
          height: 100%
        }
        .inner-container {
          position: absolute;
          top: 50%;
          left: 50%;
          transform: translate(-50%, -50%);
          max-width: 640px;
          margin: 0 auto;
          background: white;
          box-shadow: 0 1px 4px 0 rgba(0,0,0,0.1);
          border-radius: 0.1875rem;
          padding: 2rem;
        }
        h1, h3 {
          font-weight: 500;
          -webkit-font-smoothing: antialiased;
          -moz-osx-font-smoothing: grayscale;
          font-smoothing: antialiased;
          text-shadow: 0 0 1px transparent;
          line-height: normal;
        }
        h1 {
          font-size: 1.65rem;
          margin-bottom: 1.25rem;
          margin-top: 0;
          position: relative;
        }
        h1::after {
          background-color: #cbd6e2;
          bottom: -10px;
          left: 0;
          width: 100%;
          content: ' ';
          height: 1px;
          position: absolute;
        }
        h3 {
          font-size: 1.45rem;
          margin-bottom: 0.8rem;
          margin-top: 0;
          position: relative;
        }
        a {
          color: #00a4bd;
          text-decoration: none;
        }
        a:hover {
          text-decoration: underline;
        }
      </style>
    </head>
    <body>
      <div class="outer-container">
        <div class="inner-container">
    <h1>Sorry, this submission wasn't valid</h1>
    <ul>
            <li>Field email encountered BLOCKED_EMAIL error.</li>
    </ul>
    <p>Please fix the errors in your submission and retry</p>

        </div>
      </div>
    </body>
  </html>

[09-Oct-2025 08:03:37 UTC] V3 failed (400):  | {"status":"error","message":"The request is not valid","correlationId":"124ab0ae-0bfa-4873-b73b-e92e48835b2b","errors":[{"message":"Error in 'context.hutk'. '' is not a valid Hutk","errorType":"INVALID_HUTK"}]}
[09-Oct-2025 08:03:38 UTC] V2 failed (400):  | 

  <!doctype html>
  <html>
    <head>
      <!-- FIELD_VALIDATION_ERROR -->
      <meta charset="utf-8">
      <link rel="shortcut icon" href="//static.hsappstatic.net/StyleGuideUI/static-3.60/img/sprocket/favicon.ico" type="image/x-icon">

      <title>Your submission wasn&#39;t valid</title>

      <style>
        html, body { height: 100% }
        body {
          padding: 0;
          margin: 0;
          color: #425b76;
          font-size: 0.875rem;
          line-height: 1.65rem;
          background: #f9fbfd;
          font-family: "Lexend Deca",Helvetica,Arial,sans-serif;
        }
        .outer-container {
          position: relative;
          height: 100%
        }
        .inner-container {
          position: absolute;
          top: 50%;
          left: 50%;
          transform: translate(-50%, -50%);
          max-width: 640px;
          margin: 0 auto;
          background: white;
          box-shadow: 0 1px 4px 0 rgba(0,0,0,0.1);
          border-radius: 0.1875rem;
          padding: 2rem;
        }
        h1, h3 {
          font-weight: 500;
          -webkit-font-smoothing: antialiased;
          -moz-osx-font-smoothing: grayscale;
          font-smoothing: antialiased;
          text-shadow: 0 0 1px transparent;
          line-height: normal;
        }
        h1 {
          font-size: 1.65rem;
          margin-bottom: 1.25rem;
          margin-top: 0;
          position: relative;
        }
        h1::after {
          background-color: #cbd6e2;
          bottom: -10px;
          left: 0;
          width: 100%;
          content: ' ';
          height: 1px;
          position: absolute;
        }
        h3 {
          font-size: 1.45rem;
          margin-bottom: 0.8rem;
          margin-top: 0;
          position: relative;
        }
        a {
          color: #00a4bd;
          text-decoration: none;
        }
        a:hover {
          text-decoration: underline;
        }
      </style>
    </head>
    <body>
      <div class="outer-container">
        <div class="inner-container">
    <h1>Sorry, this submission wasn't valid</h1>
    <ul>
            <li>Field email encountered BLOCKED_EMAIL error.</li>
    </ul>
    <p>Please fix the errors in your submission and retry</p>

        </div>
      </div>
    </body>
  </html>

[09-Oct-2025 10:02:53 UTC] V3 failed (400):  | {"status":"error","message":"The request is not valid","correlationId":"57b6b2b8-bc5c-4012-a1f9-dc03c00f8122","errors":[{"message":"Error in 'context.hutk'. '' is not a valid Hutk","errorType":"INVALID_HUTK"}]}
[09-Oct-2025 10:02:53 UTC] V2 failed (400):  | 

  <!doctype html>
  <html>
    <head>
      <!-- FIELD_VALIDATION_ERROR -->
      <meta charset="utf-8">
      <link rel="shortcut icon" href="//static.hsappstatic.net/StyleGuideUI/static-3.60/img/sprocket/favicon.ico" type="image/x-icon">

      <title>Your submission wasn&#39;t valid</title>

      <style>
        html, body { height: 100% }
        body {
          padding: 0;
          margin: 0;
          color: #425b76;
          font-size: 0.875rem;
          line-height: 1.65rem;
          background: #f9fbfd;
          font-family: "Lexend Deca",Helvetica,Arial,sans-serif;
        }
        .outer-container {
          position: relative;
          height: 100%
        }
        .inner-container {
          position: absolute;
          top: 50%;
          left: 50%;
          transform: translate(-50%, -50%);
          max-width: 640px;
          margin: 0 auto;
          background: white;
          box-shadow: 0 1px 4px 0 rgba(0,0,0,0.1);
          border-radius: 0.1875rem;
          padding: 2rem;
        }
        h1, h3 {
          font-weight: 500;
          -webkit-font-smoothing: antialiased;
          -moz-osx-font-smoothing: grayscale;
          font-smoothing: antialiased;
          text-shadow: 0 0 1px transparent;
          line-height: normal;
        }
        h1 {
          font-size: 1.65rem;
          margin-bottom: 1.25rem;
          margin-top: 0;
          position: relative;
        }
        h1::after {
          background-color: #cbd6e2;
          bottom: -10px;
          left: 0;
          width: 100%;
          content: ' ';
          height: 1px;
          position: absolute;
        }
        h3 {
          font-size: 1.45rem;
          margin-bottom: 0.8rem;
          margin-top: 0;
          position: relative;
        }
        a {
          color: #00a4bd;
          text-decoration: none;
        }
        a:hover {
          text-decoration: underline;
        }
      </style>
    </head>
    <body>
      <div class="outer-container">
        <div class="inner-container">
    <h1>Sorry, this submission wasn't valid</h1>
    <ul>
            <li>Field email encountered BLOCKED_EMAIL error.</li>
    </ul>
    <p>Please fix the errors in your submission and retry</p>

        </div>
      </div>
    </body>
  </html>

[11-Oct-2025 04:35:26 UTC] V3 failed (400):  | {"status":"error","message":"The request is not valid","correlationId":"b8f569e8-5dc5-499a-b813-dc7dbf6d7380","errors":[{"message":"Error in 'context.hutk'. '' is not a valid Hutk","errorType":"INVALID_HUTK"}]}
[11-Oct-2025 04:35:27 UTC] V2 failed (400):  | 

  <!doctype html>
  <html>
    <head>
      <!-- FIELD_VALIDATION_ERROR -->
      <meta charset="utf-8">
      <link rel="shortcut icon" href="//static.hsappstatic.net/StyleGuideUI/static-3.60/img/sprocket/favicon.ico" type="image/x-icon">

      <title>Your submission wasn&#39;t valid</title>

      <style>
        html, body { height: 100% }
        body {
          padding: 0;
          margin: 0;
          color: #425b76;
          font-size: 0.875rem;
          line-height: 1.65rem;
          background: #f9fbfd;
          font-family: "Lexend Deca",Helvetica,Arial,sans-serif;
        }
        .outer-container {
          position: relative;
          height: 100%
        }
        .inner-container {
          position: absolute;
          top: 50%;
          left: 50%;
          transform: translate(-50%, -50%);
          max-width: 640px;
          margin: 0 auto;
          background: white;
          box-shadow: 0 1px 4px 0 rgba(0,0,0,0.1);
          border-radius: 0.1875rem;
          padding: 2rem;
        }
        h1, h3 {
          font-weight: 500;
          -webkit-font-smoothing: antialiased;
          -moz-osx-font-smoothing: grayscale;
          font-smoothing: antialiased;
          text-shadow: 0 0 1px transparent;
          line-height: normal;
        }
        h1 {
          font-size: 1.65rem;
          margin-bottom: 1.25rem;
          margin-top: 0;
          position: relative;
        }
        h1::after {
          background-color: #cbd6e2;
          bottom: -10px;
          left: 0;
          width: 100%;
          content: ' ';
          height: 1px;
          position: absolute;
        }
        h3 {
          font-size: 1.45rem;
          margin-bottom: 0.8rem;
          margin-top: 0;
          position: relative;
        }
        a {
          color: #00a4bd;
          text-decoration: none;
        }
        a:hover {
          text-decoration: underline;
        }
      </style>
    </head>
    <body>
      <div class="outer-container">
        <div class="inner-container">
    <h1>Sorry, this submission wasn't valid</h1>
    <ul>
            <li>Field email encountered BLOCKED_EMAIL error.</li>
    </ul>
    <p>Please fix the errors in your submission and retry</p>

        </div>
      </div>
    </body>
  </html>

[11-Oct-2025 08:10:36 UTC] V3 failed (400):  | {"status":"error","message":"The request is not valid","correlationId":"5af67d17-fa70-43fa-b15e-01140b9f24fd","errors":[{"message":"Error in 'context.hutk'. '' is not a valid Hutk","errorType":"INVALID_HUTK"}]}
[11-Oct-2025 08:10:36 UTC] V2 failed (400):  | 

  <!doctype html>
  <html>
    <head>
      <!-- FIELD_VALIDATION_ERROR -->
      <meta charset="utf-8">
      <link rel="shortcut icon" href="//static.hsappstatic.net/StyleGuideUI/static-3.60/img/sprocket/favicon.ico" type="image/x-icon">

      <title>Your submission wasn&#39;t valid</title>

      <style>
        html, body { height: 100% }
        body {
          padding: 0;
          margin: 0;
          color: #425b76;
          font-size: 0.875rem;
          line-height: 1.65rem;
          background: #f9fbfd;
          font-family: "Lexend Deca",Helvetica,Arial,sans-serif;
        }
        .outer-container {
          position: relative;
          height: 100%
        }
        .inner-container {
          position: absolute;
          top: 50%;
          left: 50%;
          transform: translate(-50%, -50%);
          max-width: 640px;
          margin: 0 auto;
          background: white;
          box-shadow: 0 1px 4px 0 rgba(0,0,0,0.1);
          border-radius: 0.1875rem;
          padding: 2rem;
        }
        h1, h3 {
          font-weight: 500;
          -webkit-font-smoothing: antialiased;
          -moz-osx-font-smoothing: grayscale;
          font-smoothing: antialiased;
          text-shadow: 0 0 1px transparent;
          line-height: normal;
        }
        h1 {
          font-size: 1.65rem;
          margin-bottom: 1.25rem;
          margin-top: 0;
          position: relative;
        }
        h1::after {
          background-color: #cbd6e2;
          bottom: -10px;
          left: 0;
          width: 100%;
          content: ' ';
          height: 1px;
          position: absolute;
        }
        h3 {
          font-size: 1.45rem;
          margin-bottom: 0.8rem;
          margin-top: 0;
          position: relative;
        }
        a {
          color: #00a4bd;
          text-decoration: none;
        }
        a:hover {
          text-decoration: underline;
        }
      </style>
    </head>
    <body>
      <div class="outer-container">
        <div class="inner-container">
    <h1>Sorry, this submission wasn't valid</h1>
    <ul>
            <li>Field email encountered BLOCKED_EMAIL error.</li>
    </ul>
    <p>Please fix the errors in your submission and retry</p>

        </div>
      </div>
    </body>
  </html>

[12-Oct-2025 02:51:18 UTC] V3 failed (400):  | {"status":"error","message":"The request is not valid","correlationId":"6eae2ca7-78ed-4a03-90e6-a693ba82d74e","errors":[{"message":"Error in 'context.hutk'. '' is not a valid Hutk","errorType":"INVALID_HUTK"}]}
[12-Oct-2025 02:51:18 UTC] V2 failed (400):  | 

  <!doctype html>
  <html>
    <head>
      <!-- FIELD_VALIDATION_ERROR -->
      <meta charset="utf-8">
      <link rel="shortcut icon" href="//static.hsappstatic.net/StyleGuideUI/static-3.60/img/sprocket/favicon.ico" type="image/x-icon">

      <title>Your submission wasn&#39;t valid</title>

      <style>
        html, body { height: 100% }
        body {
          padding: 0;
          margin: 0;
          color: #425b76;
          font-size: 0.875rem;
          line-height: 1.65rem;
          background: #f9fbfd;
          font-family: "Lexend Deca",Helvetica,Arial,sans-serif;
        }
        .outer-container {
          position: relative;
          height: 100%
        }
        .inner-container {
          position: absolute;
          top: 50%;
          left: 50%;
          transform: translate(-50%, -50%);
          max-width: 640px;
          margin: 0 auto;
          background: white;
          box-shadow: 0 1px 4px 0 rgba(0,0,0,0.1);
          border-radius: 0.1875rem;
          padding: 2rem;
        }
        h1, h3 {
          font-weight: 500;
          -webkit-font-smoothing: antialiased;
          -moz-osx-font-smoothing: grayscale;
          font-smoothing: antialiased;
          text-shadow: 0 0 1px transparent;
          line-height: normal;
        }
        h1 {
          font-size: 1.65rem;
          margin-bottom: 1.25rem;
          margin-top: 0;
          position: relative;
        }
        h1::after {
          background-color: #cbd6e2;
          bottom: -10px;
          left: 0;
          width: 100%;
          content: ' ';
          height: 1px;
          position: absolute;
        }
        h3 {
          font-size: 1.45rem;
          margin-bottom: 0.8rem;
          margin-top: 0;
          position: relative;
        }
        a {
          color: #00a4bd;
          text-decoration: none;
        }
        a:hover {
          text-decoration: underline;
        }
      </style>
    </head>
    <body>
      <div class="outer-container">
        <div class="inner-container">
    <h1>Sorry, this submission wasn't valid</h1>
    <ul>
            <li>Field email encountered BLOCKED_EMAIL error.</li>
    </ul>
    <p>Please fix the errors in your submission and retry</p>

        </div>
      </div>
    </body>
  </html>

[12-Oct-2025 06:29:08 UTC] V3 failed (400):  | {"status":"error","message":"The request is not valid","correlationId":"2c3b67aa-adce-4cc3-8501-4f41642041cf","errors":[{"message":"Error in 'context.hutk'. '' is not a valid Hutk","errorType":"INVALID_HUTK"}]}
[12-Oct-2025 06:29:08 UTC] V2 failed (400):  | 

  <!doctype html>
  <html>
    <head>
      <!-- FIELD_VALIDATION_ERROR -->
      <meta charset="utf-8">
      <link rel="shortcut icon" href="//static.hsappstatic.net/StyleGuideUI/static-3.60/img/sprocket/favicon.ico" type="image/x-icon">

      <title>Your submission wasn&#39;t valid</title>

      <style>
        html, body { height: 100% }
        body {
          padding: 0;
          margin: 0;
          color: #425b76;
          font-size: 0.875rem;
          line-height: 1.65rem;
          background: #f9fbfd;
          font-family: "Lexend Deca",Helvetica,Arial,sans-serif;
        }
        .outer-container {
          position: relative;
          height: 100%
        }
        .inner-container {
          position: absolute;
          top: 50%;
          left: 50%;
          transform: translate(-50%, -50%);
          max-width: 640px;
          margin: 0 auto;
          background: white;
          box-shadow: 0 1px 4px 0 rgba(0,0,0,0.1);
          border-radius: 0.1875rem;
          padding: 2rem;
        }
        h1, h3 {
          font-weight: 500;
          -webkit-font-smoothing: antialiased;
          -moz-osx-font-smoothing: grayscale;
          font-smoothing: antialiased;
          text-shadow: 0 0 1px transparent;
          line-height: normal;
        }
        h1 {
          font-size: 1.65rem;
          margin-bottom: 1.25rem;
          margin-top: 0;
          position: relative;
        }
        h1::after {
          background-color: #cbd6e2;
          bottom: -10px;
          left: 0;
          width: 100%;
          content: ' ';
          height: 1px;
          position: absolute;
        }
        h3 {
          font-size: 1.45rem;
          margin-bottom: 0.8rem;
          margin-top: 0;
          position: relative;
        }
        a {
          color: #00a4bd;
          text-decoration: none;
        }
        a:hover {
          text-decoration: underline;
        }
      </style>
    </head>
    <body>
      <div class="outer-container">
        <div class="inner-container">
    <h1>Sorry, this submission wasn't valid</h1>
    <ul>
            <li>Field email encountered BLOCKED_EMAIL error.</li>
    </ul>
    <p>Please fix the errors in your submission and retry</p>

        </div>
      </div>
    </body>
  </html>

[12-Oct-2025 14:24:40 UTC] Missing fields: firstname,lastname,email,phone,service,company
[12-Oct-2025 18:05:39 UTC] Missing fields: firstname,lastname,email,phone,service,company
[12-Oct-2025 18:05:45 UTC] Missing fields: firstname,lastname,email,phone,service,company
[13-Oct-2025 01:13:20 UTC] Missing fields: firstname,lastname,email,phone,service,company
[17-Oct-2025 05:07:32 UTC] V3 failed (400):  | {"status":"error","message":"The request is not valid","correlationId":"86f83d9f-853a-4d87-aad9-6dfb9a4ad80e","errors":[{"message":"Error in 'context.hutk'. '' is not a valid Hutk","errorType":"INVALID_HUTK"}]}
[17-Oct-2025 05:07:32 UTC] V2 failed (400):  | 

  <!doctype html>
  <html>
    <head>
      <!-- FIELD_VALIDATION_ERROR -->
      <meta charset="utf-8">
      <link rel="shortcut icon" href="//static.hsappstatic.net/StyleGuideUI/static-3.60/img/sprocket/favicon.ico" type="image/x-icon">

      <title>Your submission wasn&#39;t valid</title>

      <style>
        html, body { height: 100% }
        body {
          padding: 0;
          margin: 0;
          color: #425b76;
          font-size: 0.875rem;
          line-height: 1.65rem;
          background: #f9fbfd;
          font-family: "Lexend Deca",Helvetica,Arial,sans-serif;
        }
        .outer-container {
          position: relative;
          height: 100%
        }
        .inner-container {
          position: absolute;
          top: 50%;
          left: 50%;
          transform: translate(-50%, -50%);
          max-width: 640px;
          margin: 0 auto;
          background: white;
          box-shadow: 0 1px 4px 0 rgba(0,0,0,0.1);
          border-radius: 0.1875rem;
          padding: 2rem;
        }
        h1, h3 {
          font-weight: 500;
          -webkit-font-smoothing: antialiased;
          -moz-osx-font-smoothing: grayscale;
          font-smoothing: antialiased;
          text-shadow: 0 0 1px transparent;
          line-height: normal;
        }
        h1 {
          font-size: 1.65rem;
          margin-bottom: 1.25rem;
          margin-top: 0;
          position: relative;
        }
        h1::after {
          background-color: #cbd6e2;
          bottom: -10px;
          left: 0;
          width: 100%;
          content: ' ';
          height: 1px;
          position: absolute;
        }
        h3 {
          font-size: 1.45rem;
          margin-bottom: 0.8rem;
          margin-top: 0;
          position: relative;
        }
        a {
          color: #00a4bd;
          text-decoration: none;
        }
        a:hover {
          text-decoration: underline;
        }
      </style>
    </head>
    <body>
      <div class="outer-container">
        <div class="inner-container">
    <h1>Sorry, this submission wasn't valid</h1>
    <ul>
            <li>Field email encountered BLOCKED_EMAIL error.</li>
    </ul>
    <p>Please fix the errors in your submission and retry</p>

        </div>
      </div>
    </body>
  </html>

[17-Oct-2025 06:44:24 UTC] Missing fields: service
[18-Oct-2025 11:56:25 UTC] V3 failed (400):  | {"status":"error","message":"The request is not valid","correlationId":"82aebef9-c2c0-43fb-8e13-b427e717fad0","errors":[{"message":"Error in 'context.hutk'. '' is not a valid Hutk","errorType":"INVALID_HUTK"}]}
[18-Oct-2025 11:56:25 UTC] V3 failed (400):  | {"status":"error","message":"The request is not valid","correlationId":"86fbfc4f-9e79-4e61-9d76-806be0ca6c28","errors":[{"message":"Error in 'context.hutk'. '' is not a valid Hutk","errorType":"INVALID_HUTK"}]}
[20-Oct-2025 00:59:57 UTC] V3 failed (400):  | {"status":"error","message":"The request is not valid","correlationId":"97cf40ca-312f-4b83-a715-2100b113dd00","errors":[{"message":"Error in 'fields.email'. Submission from this email address are not allowed","errorType":"BLOCKED_EMAIL"}]}
[20-Oct-2025 00:59:58 UTC] V2 failed (400):  | 

  <!doctype html>
  <html>
    <head>
      <!-- FIELD_VALIDATION_ERROR -->
      <meta charset="utf-8">
      <link rel="shortcut icon" href="//static.hsappstatic.net/StyleGuideUI/static-3.60/img/sprocket/favicon.ico" type="image/x-icon">

      <title>Your submission wasn&#39;t valid</title>

      <style>
        html, body { height: 100% }
        body {
          padding: 0;
          margin: 0;
          color: #425b76;
          font-size: 0.875rem;
          line-height: 1.65rem;
          background: #f9fbfd;
          font-family: "Lexend Deca",Helvetica,Arial,sans-serif;
        }
        .outer-container {
          position: relative;
          height: 100%
        }
        .inner-container {
          position: absolute;
          top: 50%;
          left: 50%;
          transform: translate(-50%, -50%);
          max-width: 640px;
          margin: 0 auto;
          background: white;
          box-shadow: 0 1px 4px 0 rgba(0,0,0,0.1);
          border-radius: 0.1875rem;
          padding: 2rem;
        }
        h1, h3 {
          font-weight: 500;
          -webkit-font-smoothing: antialiased;
          -moz-osx-font-smoothing: grayscale;
          font-smoothing: antialiased;
          text-shadow: 0 0 1px transparent;
          line-height: normal;
        }
        h1 {
          font-size: 1.65rem;
          margin-bottom: 1.25rem;
          margin-top: 0;
          position: relative;
        }
        h1::after {
          background-color: #cbd6e2;
          bottom: -10px;
          left: 0;
          width: 100%;
          content: ' ';
          height: 1px;
          position: absolute;
        }
        h3 {
          font-size: 1.45rem;
          margin-bottom: 0.8rem;
          margin-top: 0;
          position: relative;
        }
        a {
          color: #00a4bd;
          text-decoration: none;
        }
        a:hover {
          text-decoration: underline;
        }
      </style>
    </head>
    <body>
      <div class="outer-container">
        <div class="inner-container">
    <h1>Sorry, this submission wasn't valid</h1>
    <ul>
            <li>Field email encountered BLOCKED_EMAIL error.</li>
    </ul>
    <p>Please fix the errors in your submission and retry</p>

        </div>
      </div>
    </body>
  </html>

[23-Oct-2025 14:45:19 UTC] V3 failed (400):  | {"status":"error","message":"The request is not valid","correlationId":"b6fcadda-bec4-4631-a742-0a5277045898","errors":[{"message":"Error in 'context.hutk'. '' is not a valid Hutk","errorType":"INVALID_HUTK"}]}
[23-Oct-2025 14:45:19 UTC] V2 failed (400):  | 

  <!doctype html>
  <html>
    <head>
      <!-- FIELD_VALIDATION_ERROR -->
      <meta charset="utf-8">
      <link rel="shortcut icon" href="//static.hsappstatic.net/StyleGuideUI/static-3.60/img/sprocket/favicon.ico" type="image/x-icon">

      <title>Your submission wasn&#39;t valid</title>

      <style>
        html, body { height: 100% }
        body {
          padding: 0;
          margin: 0;
          color: #425b76;
          font-size: 0.875rem;
          line-height: 1.65rem;
          background: #f9fbfd;
          font-family: "Lexend Deca",Helvetica,Arial,sans-serif;
        }
        .outer-container {
          position: relative;
          height: 100%
        }
        .inner-container {
          position: absolute;
          top: 50%;
          left: 50%;
          transform: translate(-50%, -50%);
          max-width: 640px;
          margin: 0 auto;
          background: white;
          box-shadow: 0 1px 4px 0 rgba(0,0,0,0.1);
          border-radius: 0.1875rem;
          padding: 2rem;
        }
        h1, h3 {
          font-weight: 500;
          -webkit-font-smoothing: antialiased;
          -moz-osx-font-smoothing: grayscale;
          font-smoothing: antialiased;
          text-shadow: 0 0 1px transparent;
          line-height: normal;
        }
        h1 {
          font-size: 1.65rem;
          margin-bottom: 1.25rem;
          margin-top: 0;
          position: relative;
        }
        h1::after {
          background-color: #cbd6e2;
          bottom: -10px;
          left: 0;
          width: 100%;
          content: ' ';
          height: 1px;
          position: absolute;
        }
        h3 {
          font-size: 1.45rem;
          margin-bottom: 0.8rem;
          margin-top: 0;
          position: relative;
        }
        a {
          color: #00a4bd;
          text-decoration: none;
        }
        a:hover {
          text-decoration: underline;
        }
      </style>
    </head>
    <body>
      <div class="outer-container">
        <div class="inner-container">
    <h1>Sorry, this submission wasn't valid</h1>
    <ul>
            <li>Field email encountered BLOCKED_EMAIL error.</li>
    </ul>
    <p>Please fix the errors in your submission and retry</p>

        </div>
      </div>
    </body>
  </html>

[23-Oct-2025 22:22:32 UTC] Missing fields: phone
[24-Oct-2025 02:02:15 UTC] V3 failed (400):  | {"status":"error","message":"The request is not valid","correlationId":"457c0ac4-0fef-4b07-b517-262f5c53fdc4","errors":[{"message":"Error in 'context.hutk'. '' is not a valid Hutk","errorType":"INVALID_HUTK"}]}
[24-Oct-2025 02:02:16 UTC] V2 failed (400):  | 

  <!doctype html>
  <html>
    <head>
      <!-- FIELD_VALIDATION_ERROR -->
      <meta charset="utf-8">
      <link rel="shortcut icon" href="//static.hsappstatic.net/StyleGuideUI/static-3.60/img/sprocket/favicon.ico" type="image/x-icon">

      <title>Your submission wasn&#39;t valid</title>

      <style>
        html, body { height: 100% }
        body {
          padding: 0;
          margin: 0;
          color: #425b76;
          font-size: 0.875rem;
          line-height: 1.65rem;
          background: #f9fbfd;
          font-family: "Lexend Deca",Helvetica,Arial,sans-serif;
        }
        .outer-container {
          position: relative;
          height: 100%
        }
        .inner-container {
          position: absolute;
          top: 50%;
          left: 50%;
          transform: translate(-50%, -50%);
          max-width: 640px;
          margin: 0 auto;
          background: white;
          box-shadow: 0 1px 4px 0 rgba(0,0,0,0.1);
          border-radius: 0.1875rem;
          padding: 2rem;
        }
        h1, h3 {
          font-weight: 500;
          -webkit-font-smoothing: antialiased;
          -moz-osx-font-smoothing: grayscale;
          font-smoothing: antialiased;
          text-shadow: 0 0 1px transparent;
          line-height: normal;
        }
        h1 {
          font-size: 1.65rem;
          margin-bottom: 1.25rem;
          margin-top: 0;
          position: relative;
        }
        h1::after {
          background-color: #cbd6e2;
          bottom: -10px;
          left: 0;
          width: 100%;
          content: ' ';
          height: 1px;
          position: absolute;
        }
        h3 {
          font-size: 1.45rem;
          margin-bottom: 0.8rem;
          margin-top: 0;
          position: relative;
        }
        a {
          color: #00a4bd;
          text-decoration: none;
        }
        a:hover {
          text-decoration: underline;
        }
      </style>
    </head>
    <body>
      <div class="outer-container">
        <div class="inner-container">
    <h1>Sorry, this submission wasn't valid</h1>
    <ul>
            <li>Field email encountered BLOCKED_EMAIL error.</li>
    </ul>
    <p>Please fix the errors in your submission and retry</p>

        </div>
      </div>
    </body>
  </html>

[24-Oct-2025 06:03:55 UTC] V3 failed (400):  | {"status":"error","message":"The request is not valid","correlationId":"7830c8f0-0fb8-4b03-9062-402e5784ee7d","errors":[{"message":"Error in 'context.hutk'. '' is not a valid Hutk","errorType":"INVALID_HUTK"}]}
[24-Oct-2025 06:03:56 UTC] V2 failed (400):  | 

  <!doctype html>
  <html>
    <head>
      <!-- FIELD_VALIDATION_ERROR -->
      <meta charset="utf-8">
      <link rel="shortcut icon" href="//static.hsappstatic.net/StyleGuideUI/static-3.60/img/sprocket/favicon.ico" type="image/x-icon">

      <title>Your submission wasn&#39;t valid</title>

      <style>
        html, body { height: 100% }
        body {
          padding: 0;
          margin: 0;
          color: #425b76;
          font-size: 0.875rem;
          line-height: 1.65rem;
          background: #f9fbfd;
          font-family: "Lexend Deca",Helvetica,Arial,sans-serif;
        }
        .outer-container {
          position: relative;
          height: 100%
        }
        .inner-container {
          position: absolute;
          top: 50%;
          left: 50%;
          transform: translate(-50%, -50%);
          max-width: 640px;
          margin: 0 auto;
          background: white;
          box-shadow: 0 1px 4px 0 rgba(0,0,0,0.1);
          border-radius: 0.1875rem;
          padding: 2rem;
        }
        h1, h3 {
          font-weight: 500;
          -webkit-font-smoothing: antialiased;
          -moz-osx-font-smoothing: grayscale;
          font-smoothing: antialiased;
          text-shadow: 0 0 1px transparent;
          line-height: normal;
        }
        h1 {
          font-size: 1.65rem;
          margin-bottom: 1.25rem;
          margin-top: 0;
          position: relative;
        }
        h1::after {
          background-color: #cbd6e2;
          bottom: -10px;
          left: 0;
          width: 100%;
          content: ' ';
          height: 1px;
          position: absolute;
        }
        h3 {
          font-size: 1.45rem;
          margin-bottom: 0.8rem;
          margin-top: 0;
          position: relative;
        }
        a {
          color: #00a4bd;
          text-decoration: none;
        }
        a:hover {
          text-decoration: underline;
        }
      </style>
    </head>
    <body>
      <div class="outer-container">
        <div class="inner-container">
    <h1>Sorry, this submission wasn't valid</h1>
    <ul>
            <li>Field email encountered BLOCKED_EMAIL error.</li>
    </ul>
    <p>Please fix the errors in your submission and retry</p>

        </div>
      </div>
    </body>
  </html>

[24-Oct-2025 10:21:16 UTC] V3 failed (400):  | {"status":"error","message":"The request is not valid","correlationId":"8bd9e647-99e7-40a4-b494-949eb7c10e2a","errors":[{"message":"Error in 'context.hutk'. '' is not a valid Hutk","errorType":"INVALID_HUTK"}]}
[24-Oct-2025 10:21:17 UTC] V2 failed (400):  | 

  <!doctype html>
  <html>
    <head>
      <!-- FIELD_VALIDATION_ERROR -->
      <meta charset="utf-8">
      <link rel="shortcut icon" href="//static.hsappstatic.net/StyleGuideUI/static-3.60/img/sprocket/favicon.ico" type="image/x-icon">

      <title>Your submission wasn&#39;t valid</title>

      <style>
        html, body { height: 100% }
        body {
          padding: 0;
          margin: 0;
          color: #425b76;
          font-size: 0.875rem;
          line-height: 1.65rem;
          background: #f9fbfd;
          font-family: "Lexend Deca",Helvetica,Arial,sans-serif;
        }
        .outer-container {
          position: relative;
          height: 100%
        }
        .inner-container {
          position: absolute;
          top: 50%;
          left: 50%;
          transform: translate(-50%, -50%);
          max-width: 640px;
          margin: 0 auto;
          background: white;
          box-shadow: 0 1px 4px 0 rgba(0,0,0,0.1);
          border-radius: 0.1875rem;
          padding: 2rem;
        }
        h1, h3 {
          font-weight: 500;
          -webkit-font-smoothing: antialiased;
          -moz-osx-font-smoothing: grayscale;
          font-smoothing: antialiased;
          text-shadow: 0 0 1px transparent;
          line-height: normal;
        }
        h1 {
          font-size: 1.65rem;
          margin-bottom: 1.25rem;
          margin-top: 0;
          position: relative;
        }
        h1::after {
          background-color: #cbd6e2;
          bottom: -10px;
          left: 0;
          width: 100%;
          content: ' ';
          height: 1px;
          position: absolute;
        }
        h3 {
          font-size: 1.45rem;
          margin-bottom: 0.8rem;
          margin-top: 0;
          position: relative;
        }
        a {
          color: #00a4bd;
          text-decoration: none;
        }
        a:hover {
          text-decoration: underline;
        }
      </style>
    </head>
    <body>
      <div class="outer-container">
        <div class="inner-container">
    <h1>Sorry, this submission wasn't valid</h1>
    <ul>
            <li>Field email encountered BLOCKED_EMAIL error.</li>
    </ul>
    <p>Please fix the errors in your submission and retry</p>

        </div>
      </div>
    </body>
  </html>

[25-Oct-2025 09:24:30 UTC] Missing fields: firstname,lastname,email,phone,service,company
[25-Oct-2025 12:15:01 UTC] V3 failed (400):  | {"status":"error","message":"The request is not valid","correlationId":"f5457f76-2ba9-4df6-a1a1-c631a2726132","errors":[{"message":"Error in 'context.hutk'. '' is not a valid Hutk","errorType":"INVALID_HUTK"}]}
[25-Oct-2025 12:15:01 UTC] V2 failed (400):  | 

  <!doctype html>
  <html>
    <head>
      <!-- FIELD_VALIDATION_ERROR -->
      <meta charset="utf-8">
      <link rel="shortcut icon" href="//static.hsappstatic.net/StyleGuideUI/static-3.60/img/sprocket/favicon.ico" type="image/x-icon">

      <title>Your submission wasn&#39;t valid</title>

      <style>
        html, body { height: 100% }
        body {
          padding: 0;
          margin: 0;
          color: #425b76;
          font-size: 0.875rem;
          line-height: 1.65rem;
          background: #f9fbfd;
          font-family: "Lexend Deca",Helvetica,Arial,sans-serif;
        }
        .outer-container {
          position: relative;
          height: 100%
        }
        .inner-container {
          position: absolute;
          top: 50%;
          left: 50%;
          transform: translate(-50%, -50%);
          max-width: 640px;
          margin: 0 auto;
          background: white;
          box-shadow: 0 1px 4px 0 rgba(0,0,0,0.1);
          border-radius: 0.1875rem;
          padding: 2rem;
        }
        h1, h3 {
          font-weight: 500;
          -webkit-font-smoothing: antialiased;
          -moz-osx-font-smoothing: grayscale;
          font-smoothing: antialiased;
          text-shadow: 0 0 1px transparent;
          line-height: normal;
        }
        h1 {
          font-size: 1.65rem;
          margin-bottom: 1.25rem;
          margin-top: 0;
          position: relative;
        }
        h1::after {
          background-color: #cbd6e2;
          bottom: -10px;
          left: 0;
          width: 100%;
          content: ' ';
          height: 1px;
          position: absolute;
        }
        h3 {
          font-size: 1.45rem;
          margin-bottom: 0.8rem;
          margin-top: 0;
          position: relative;
        }
        a {
          color: #00a4bd;
          text-decoration: none;
        }
        a:hover {
          text-decoration: underline;
        }
      </style>
    </head>
    <body>
      <div class="outer-container">
        <div class="inner-container">
    <h1>Sorry, this submission wasn't valid</h1>
    <ul>
            <li>Field email encountered BLOCKED_EMAIL error.</li>
    </ul>
    <p>Please fix the errors in your submission and retry</p>

        </div>
      </div>
    </body>
  </html>

[25-Oct-2025 22:20:25 UTC] V3 failed (400):  | {"status":"error","message":"The request is not valid","correlationId":"a881f2ea-181b-4283-9203-1edbc02415a9","errors":[{"message":"Error in 'context.hutk'. '' is not a valid Hutk","errorType":"INVALID_HUTK"}]}
[25-Oct-2025 22:20:25 UTC] V2 failed (400):  | 

  <!doctype html>
  <html>
    <head>
      <!-- FIELD_VALIDATION_ERROR -->
      <meta charset="utf-8">
      <link rel="shortcut icon" href="//static.hsappstatic.net/StyleGuideUI/static-3.60/img/sprocket/favicon.ico" type="image/x-icon">

      <title>Your submission wasn&#39;t valid</title>

      <style>
        html, body { height: 100% }
        body {
          padding: 0;
          margin: 0;
          color: #425b76;
          font-size: 0.875rem;
          line-height: 1.65rem;
          background: #f9fbfd;
          font-family: "Lexend Deca",Helvetica,Arial,sans-serif;
        }
        .outer-container {
          position: relative;
          height: 100%
        }
        .inner-container {
          position: absolute;
          top: 50%;
          left: 50%;
          transform: translate(-50%, -50%);
          max-width: 640px;
          margin: 0 auto;
          background: white;
          box-shadow: 0 1px 4px 0 rgba(0,0,0,0.1);
          border-radius: 0.1875rem;
          padding: 2rem;
        }
        h1, h3 {
          font-weight: 500;
          -webkit-font-smoothing: antialiased;
          -moz-osx-font-smoothing: grayscale;
          font-smoothing: antialiased;
          text-shadow: 0 0 1px transparent;
          line-height: normal;
        }
        h1 {
          font-size: 1.65rem;
          margin-bottom: 1.25rem;
          margin-top: 0;
          position: relative;
        }
        h1::after {
          background-color: #cbd6e2;
          bottom: -10px;
          left: 0;
          width: 100%;
          content: ' ';
          height: 1px;
          position: absolute;
        }
        h3 {
          font-size: 1.45rem;
          margin-bottom: 0.8rem;
          margin-top: 0;
          position: relative;
        }
        a {
          color: #00a4bd;
          text-decoration: none;
        }
        a:hover {
          text-decoration: underline;
        }
      </style>
    </head>
    <body>
      <div class="outer-container">
        <div class="inner-container">
    <h1>Sorry, this submission wasn't valid</h1>
    <ul>
            <li>Field email encountered BLOCKED_EMAIL error.</li>
    </ul>
    <p>Please fix the errors in your submission and retry</p>

        </div>
      </div>
    </body>
  </html>

[26-Oct-2025 22:06:27 UTC] Missing fields: firstname,lastname,email,phone,service,company
[27-Oct-2025 01:35:36 UTC] Missing fields: firstname,lastname,email,phone,service,company
[27-Oct-2025 06:09:31 UTC] Missing fields: firstname,lastname,email,phone,service,company
[27-Oct-2025 10:13:30 UTC] Missing fields: firstname,lastname,email,phone,service,company
[27-Oct-2025 13:59:09 UTC] Missing fields: firstname,lastname,email,phone,service,company
[29-Oct-2025 00:48:57 UTC] V3 failed (400):  | {"status":"error","message":"The request is not valid","correlationId":"96d796a4-89ee-46f7-b271-5cb5f737b31b","errors":[{"message":"Error in 'context.hutk'. '' is not a valid Hutk","errorType":"INVALID_HUTK"}]}
[29-Oct-2025 00:48:58 UTC] V2 failed (400):  | 

  <!doctype html>
  <html>
    <head>
      <!-- FIELD_VALIDATION_ERROR -->
      <meta charset="utf-8">
      <link rel="shortcut icon" href="//static.hsappstatic.net/StyleGuideUI/static-3.60/img/sprocket/favicon.ico" type="image/x-icon">

      <title>Your submission wasn&#39;t valid</title>

      <style>
        html, body { height: 100% }
        body {
          padding: 0;
          margin: 0;
          color: #425b76;
          font-size: 0.875rem;
          line-height: 1.65rem;
          background: #f9fbfd;
          font-family: "Lexend Deca",Helvetica,Arial,sans-serif;
        }
        .outer-container {
          position: relative;
          height: 100%
        }
        .inner-container {
          position: absolute;
          top: 50%;
          left: 50%;
          transform: translate(-50%, -50%);
          max-width: 640px;
          margin: 0 auto;
          background: white;
          box-shadow: 0 1px 4px 0 rgba(0,0,0,0.1);
          border-radius: 0.1875rem;
          padding: 2rem;
        }
        h1, h3 {
          font-weight: 500;
          -webkit-font-smoothing: antialiased;
          -moz-osx-font-smoothing: grayscale;
          font-smoothing: antialiased;
          text-shadow: 0 0 1px transparent;
          line-height: normal;
        }
        h1 {
          font-size: 1.65rem;
          margin-bottom: 1.25rem;
          margin-top: 0;
          position: relative;
        }
        h1::after {
          background-color: #cbd6e2;
          bottom: -10px;
          left: 0;
          width: 100%;
          content: ' ';
          height: 1px;
          position: absolute;
        }
        h3 {
          font-size: 1.45rem;
          margin-bottom: 0.8rem;
          margin-top: 0;
          position: relative;
        }
        a {
          color: #00a4bd;
          text-decoration: none;
        }
        a:hover {
          text-decoration: underline;
        }
      </style>
    </head>
    <body>
      <div class="outer-container">
        <div class="inner-container">
    <h1>Sorry, this submission wasn't valid</h1>
    <ul>
            <li>Field email encountered BLOCKED_EMAIL error.</li>
    </ul>
    <p>Please fix the errors in your submission and retry</p>

        </div>
      </div>
    </body>
  </html>

[29-Oct-2025 01:36:50 UTC] V3 failed (400):  | {"status":"error","message":"The request is not valid","correlationId":"258d6590-0ce5-4e1e-9508-059df409fd8f","errors":[{"message":"Error in 'context.hutk'. '' is not a valid Hutk","errorType":"INVALID_HUTK"}]}
[29-Oct-2025 01:36:51 UTC] V2 failed (400):  | 

  <!doctype html>
  <html>
    <head>
      <!-- FIELD_VALIDATION_ERROR -->
      <meta charset="utf-8">
      <link rel="shortcut icon" href="//static.hsappstatic.net/StyleGuideUI/static-3.60/img/sprocket/favicon.ico" type="image/x-icon">

      <title>Your submission wasn&#39;t valid</title>

      <style>
        html, body { height: 100% }
        body {
          padding: 0;
          margin: 0;
          color: #425b76;
          font-size: 0.875rem;
          line-height: 1.65rem;
          background: #f9fbfd;
          font-family: "Lexend Deca",Helvetica,Arial,sans-serif;
        }
        .outer-container {
          position: relative;
          height: 100%
        }
        .inner-container {
          position: absolute;
          top: 50%;
          left: 50%;
          transform: translate(-50%, -50%);
          max-width: 640px;
          margin: 0 auto;
          background: white;
          box-shadow: 0 1px 4px 0 rgba(0,0,0,0.1);
          border-radius: 0.1875rem;
          padding: 2rem;
        }
        h1, h3 {
          font-weight: 500;
          -webkit-font-smoothing: antialiased;
          -moz-osx-font-smoothing: grayscale;
          font-smoothing: antialiased;
          text-shadow: 0 0 1px transparent;
          line-height: normal;
        }
        h1 {
          font-size: 1.65rem;
          margin-bottom: 1.25rem;
          margin-top: 0;
          position: relative;
        }
        h1::after {
          background-color: #cbd6e2;
          bottom: -10px;
          left: 0;
          width: 100%;
          content: ' ';
          height: 1px;
          position: absolute;
        }
        h3 {
          font-size: 1.45rem;
          margin-bottom: 0.8rem;
          margin-top: 0;
          position: relative;
        }
        a {
          color: #00a4bd;
          text-decoration: none;
        }
        a:hover {
          text-decoration: underline;
        }
      </style>
    </head>
    <body>
      <div class="outer-container">
        <div class="inner-container">
    <h1>Sorry, this submission wasn't valid</h1>
    <ul>
            <li>Field email encountered BLOCKED_EMAIL error.</li>
    </ul>
    <p>Please fix the errors in your submission and retry</p>

        </div>
      </div>
    </body>
  </html>

[29-Oct-2025 02:28:41 UTC] V3 failed (400):  | {"status":"error","message":"The request is not valid","correlationId":"1cb29994-fb0a-4599-bf28-0f1549180b37","errors":[{"message":"Error in 'context.hutk'. '' is not a valid Hutk","errorType":"INVALID_HUTK"}]}
[29-Oct-2025 02:28:42 UTC] V2 failed (400):  | 

  <!doctype html>
  <html>
    <head>
      <!-- FIELD_VALIDATION_ERROR -->
      <meta charset="utf-8">
      <link rel="shortcut icon" href="//static.hsappstatic.net/StyleGuideUI/static-3.60/img/sprocket/favicon.ico" type="image/x-icon">

      <title>Your submission wasn&#39;t valid</title>

      <style>
        html, body { height: 100% }
        body {
          padding: 0;
          margin: 0;
          color: #425b76;
          font-size: 0.875rem;
          line-height: 1.65rem;
          background: #f9fbfd;
          font-family: "Lexend Deca",Helvetica,Arial,sans-serif;
        }
        .outer-container {
          position: relative;
          height: 100%
        }
        .inner-container {
          position: absolute;
          top: 50%;
          left: 50%;
          transform: translate(-50%, -50%);
          max-width: 640px;
          margin: 0 auto;
          background: white;
          box-shadow: 0 1px 4px 0 rgba(0,0,0,0.1);
          border-radius: 0.1875rem;
          padding: 2rem;
        }
        h1, h3 {
          font-weight: 500;
          -webkit-font-smoothing: antialiased;
          -moz-osx-font-smoothing: grayscale;
          font-smoothing: antialiased;
          text-shadow: 0 0 1px transparent;
          line-height: normal;
        }
        h1 {
          font-size: 1.65rem;
          margin-bottom: 1.25rem;
          margin-top: 0;
          position: relative;
        }
        h1::after {
          background-color: #cbd6e2;
          bottom: -10px;
          left: 0;
          width: 100%;
          content: ' ';
          height: 1px;
          position: absolute;
        }
        h3 {
          font-size: 1.45rem;
          margin-bottom: 0.8rem;
          margin-top: 0;
          position: relative;
        }
        a {
          color: #00a4bd;
          text-decoration: none;
        }
        a:hover {
          text-decoration: underline;
        }
      </style>
    </head>
    <body>
      <div class="outer-container">
        <div class="inner-container">
    <h1>Sorry, this submission wasn't valid</h1>
    <ul>
            <li>Field email encountered BLOCKED_EMAIL error.</li>
    </ul>
    <p>Please fix the errors in your submission and retry</p>

        </div>
      </div>
    </body>
  </html>

[29-Oct-2025 11:40:33 UTC] V3 failed (400):  | {"status":"error","message":"The request is not valid","correlationId":"3b46b42d-dc98-43d3-b7ef-8b39c279b726","errors":[{"message":"Error in 'context.hutk'. '' is not a valid Hutk","errorType":"INVALID_HUTK"}]}
[30-Oct-2025 01:01:36 UTC] V3 failed (400):  | {"status":"error","message":"The request is not valid","correlationId":"9c308b1a-8675-4b3a-9703-53d5eda840ce","errors":[{"message":"Error in 'context.hutk'. '' is not a valid Hutk","errorType":"INVALID_HUTK"}]}
[30-Oct-2025 01:01:36 UTC] V2 failed (400):  | 

  <!doctype html>
  <html>
    <head>
      <!-- FIELD_VALIDATION_ERROR -->
      <meta charset="utf-8">
      <link rel="shortcut icon" href="//static.hsappstatic.net/StyleGuideUI/static-3.60/img/sprocket/favicon.ico" type="image/x-icon">

      <title>Your submission wasn&#39;t valid</title>

      <style>
        html, body { height: 100% }
        body {
          padding: 0;
          margin: 0;
          color: #425b76;
          font-size: 0.875rem;
          line-height: 1.65rem;
          background: #f9fbfd;
          font-family: "Lexend Deca",Helvetica,Arial,sans-serif;
        }
        .outer-container {
          position: relative;
          height: 100%
        }
        .inner-container {
          position: absolute;
          top: 50%;
          left: 50%;
          transform: translate(-50%, -50%);
          max-width: 640px;
          margin: 0 auto;
          background: white;
          box-shadow: 0 1px 4px 0 rgba(0,0,0,0.1);
          border-radius: 0.1875rem;
          padding: 2rem;
        }
        h1, h3 {
          font-weight: 500;
          -webkit-font-smoothing: antialiased;
          -moz-osx-font-smoothing: grayscale;
          font-smoothing: antialiased;
          text-shadow: 0 0 1px transparent;
          line-height: normal;
        }
        h1 {
          font-size: 1.65rem;
          margin-bottom: 1.25rem;
          margin-top: 0;
          position: relative;
        }
        h1::after {
          background-color: #cbd6e2;
          bottom: -10px;
          left: 0;
          width: 100%;
          content: ' ';
          height: 1px;
          position: absolute;
        }
        h3 {
          font-size: 1.45rem;
          margin-bottom: 0.8rem;
          margin-top: 0;
          position: relative;
        }
        a {
          color: #00a4bd;
          text-decoration: none;
        }
        a:hover {
          text-decoration: underline;
        }
      </style>
    </head>
    <body>
      <div class="outer-container">
        <div class="inner-container">
    <h1>Sorry, this submission wasn't valid</h1>
    <ul>
            <li>Field email encountered BLOCKED_EMAIL error.</li>
    </ul>
    <p>Please fix the errors in your submission and retry</p>

        </div>
      </div>
    </body>
  </html>

[30-Oct-2025 03:01:41 UTC] V3 failed (400):  | {"status":"error","message":"The request is not valid","correlationId":"20b26dab-5389-4a87-a62b-45fed9b1a30c","errors":[{"message":"Error in 'context.hutk'. '' is not a valid Hutk","errorType":"INVALID_HUTK"}]}
[30-Oct-2025 03:01:42 UTC] V2 failed (400):  | 

  <!doctype html>
  <html>
    <head>
      <!-- FIELD_VALIDATION_ERROR -->
      <meta charset="utf-8">
      <link rel="shortcut icon" href="//static.hsappstatic.net/StyleGuideUI/static-3.60/img/sprocket/favicon.ico" type="image/x-icon">

      <title>Your submission wasn&#39;t valid</title>

      <style>
        html, body { height: 100% }
        body {
          padding: 0;
          margin: 0;
          color: #425b76;
          font-size: 0.875rem;
          line-height: 1.65rem;
          background: #f9fbfd;
          font-family: "Lexend Deca",Helvetica,Arial,sans-serif;
        }
        .outer-container {
          position: relative;
          height: 100%
        }
        .inner-container {
          position: absolute;
          top: 50%;
          left: 50%;
          transform: translate(-50%, -50%);
          max-width: 640px;
          margin: 0 auto;
          background: white;
          box-shadow: 0 1px 4px 0 rgba(0,0,0,0.1);
          border-radius: 0.1875rem;
          padding: 2rem;
        }
        h1, h3 {
          font-weight: 500;
          -webkit-font-smoothing: antialiased;
          -moz-osx-font-smoothing: grayscale;
          font-smoothing: antialiased;
          text-shadow: 0 0 1px transparent;
          line-height: normal;
        }
        h1 {
          font-size: 1.65rem;
          margin-bottom: 1.25rem;
          margin-top: 0;
          position: relative;
        }
        h1::after {
          background-color: #cbd6e2;
          bottom: -10px;
          left: 0;
          width: 100%;
          content: ' ';
          height: 1px;
          position: absolute;
        }
        h3 {
          font-size: 1.45rem;
          margin-bottom: 0.8rem;
          margin-top: 0;
          position: relative;
        }
        a {
          color: #00a4bd;
          text-decoration: none;
        }
        a:hover {
          text-decoration: underline;
        }
      </style>
    </head>
    <body>
      <div class="outer-container">
        <div class="inner-container">
    <h1>Sorry, this submission wasn't valid</h1>
    <ul>
            <li>Field email encountered BLOCKED_EMAIL error.</li>
    </ul>
    <p>Please fix the errors in your submission and retry</p>

        </div>
      </div>
    </body>
  </html>

[30-Oct-2025 09:27:59 UTC] V3 failed (400):  | {"status":"error","message":"The request is not valid","correlationId":"febb24f9-9728-4c8f-899d-ac2d314c1cc4","errors":[{"message":"Error in 'fields.email'. Submission from this email address are not allowed","errorType":"BLOCKED_EMAIL"}]}
[30-Oct-2025 09:27:59 UTC] V2 failed (400):  | 

  <!doctype html>
  <html>
    <head>
      <!-- FIELD_VALIDATION_ERROR -->
      <meta charset="utf-8">
      <link rel="shortcut icon" href="//static.hsappstatic.net/StyleGuideUI/static-3.60/img/sprocket/favicon.ico" type="image/x-icon">

      <title>Your submission wasn&#39;t valid</title>

      <style>
        html, body { height: 100% }
        body {
          padding: 0;
          margin: 0;
          color: #425b76;
          font-size: 0.875rem;
          line-height: 1.65rem;
          background: #f9fbfd;
          font-family: "Lexend Deca",Helvetica,Arial,sans-serif;
        }
        .outer-container {
          position: relative;
          height: 100%
        }
        .inner-container {
          position: absolute;
          top: 50%;
          left: 50%;
          transform: translate(-50%, -50%);
          max-width: 640px;
          margin: 0 auto;
          background: white;
          box-shadow: 0 1px 4px 0 rgba(0,0,0,0.1);
          border-radius: 0.1875rem;
          padding: 2rem;
        }
        h1, h3 {
          font-weight: 500;
          -webkit-font-smoothing: antialiased;
          -moz-osx-font-smoothing: grayscale;
          font-smoothing: antialiased;
          text-shadow: 0 0 1px transparent;
          line-height: normal;
        }
        h1 {
          font-size: 1.65rem;
          margin-bottom: 1.25rem;
          margin-top: 0;
          position: relative;
        }
        h1::after {
          background-color: #cbd6e2;
          bottom: -10px;
          left: 0;
          width: 100%;
          content: ' ';
          height: 1px;
          position: absolute;
        }
        h3 {
          font-size: 1.45rem;
          margin-bottom: 0.8rem;
          margin-top: 0;
          position: relative;
        }
        a {
          color: #00a4bd;
          text-decoration: none;
        }
        a:hover {
          text-decoration: underline;
        }
      </style>
    </head>
    <body>
      <div class="outer-container">
        <div class="inner-container">
    <h1>Sorry, this submission wasn't valid</h1>
    <ul>
            <li>Field email encountered BLOCKED_EMAIL error.</li>
    </ul>
    <p>Please fix the errors in your submission and retry</p>

        </div>
      </div>
    </body>
  </html>

[30-Oct-2025 09:36:47 UTC] V3 failed (400):  | {"status":"error","message":"The request is not valid","correlationId":"9dbdc253-1d08-4295-aba7-84bcc4b15926","errors":[{"message":"Error in 'fields.email'. Submission from this email address are not allowed","errorType":"BLOCKED_EMAIL"}]}
[30-Oct-2025 09:36:47 UTC] V2 failed (400):  | 

  <!doctype html>
  <html>
    <head>
      <!-- FIELD_VALIDATION_ERROR -->
      <meta charset="utf-8">
      <link rel="shortcut icon" href="//static.hsappstatic.net/StyleGuideUI/static-3.60/img/sprocket/favicon.ico" type="image/x-icon">

      <title>Your submission wasn&#39;t valid</title>

      <style>
        html, body { height: 100% }
        body {
          padding: 0;
          margin: 0;
          color: #425b76;
          font-size: 0.875rem;
          line-height: 1.65rem;
          background: #f9fbfd;
          font-family: "Lexend Deca",Helvetica,Arial,sans-serif;
        }
        .outer-container {
          position: relative;
          height: 100%
        }
        .inner-container {
          position: absolute;
          top: 50%;
          left: 50%;
          transform: translate(-50%, -50%);
          max-width: 640px;
          margin: 0 auto;
          background: white;
          box-shadow: 0 1px 4px 0 rgba(0,0,0,0.1);
          border-radius: 0.1875rem;
          padding: 2rem;
        }
        h1, h3 {
          font-weight: 500;
          -webkit-font-smoothing: antialiased;
          -moz-osx-font-smoothing: grayscale;
          font-smoothing: antialiased;
          text-shadow: 0 0 1px transparent;
          line-height: normal;
        }
        h1 {
          font-size: 1.65rem;
          margin-bottom: 1.25rem;
          margin-top: 0;
          position: relative;
        }
        h1::after {
          background-color: #cbd6e2;
          bottom: -10px;
          left: 0;
          width: 100%;
          content: ' ';
          height: 1px;
          position: absolute;
        }
        h3 {
          font-size: 1.45rem;
          margin-bottom: 0.8rem;
          margin-top: 0;
          position: relative;
        }
        a {
          color: #00a4bd;
          text-decoration: none;
        }
        a:hover {
          text-decoration: underline;
        }
      </style>
    </head>
    <body>
      <div class="outer-container">
        <div class="inner-container">
    <h1>Sorry, this submission wasn't valid</h1>
    <ul>
            <li>Field email encountered BLOCKED_EMAIL error.</li>
    </ul>
    <p>Please fix the errors in your submission and retry</p>

        </div>
      </div>
    </body>
  </html>

[30-Oct-2025 19:12:14 UTC] V3 failed (400):  | {"status":"error","message":"The request is not valid","correlationId":"70601f26-9d93-4734-accd-11f2e1cc9b22","errors":[{"message":"Error in 'context.hutk'. '' is not a valid Hutk","errorType":"INVALID_HUTK"}]}
[30-Oct-2025 19:12:15 UTC] V2 failed (400):  | 

  <!doctype html>
  <html>
    <head>
      <!-- FIELD_VALIDATION_ERROR -->
      <meta charset="utf-8">
      <link rel="shortcut icon" href="//static.hsappstatic.net/StyleGuideUI/static-3.60/img/sprocket/favicon.ico" type="image/x-icon">

      <title>Your submission wasn&#39;t valid</title>

      <style>
        html, body { height: 100% }
        body {
          padding: 0;
          margin: 0;
          color: #425b76;
          font-size: 0.875rem;
          line-height: 1.65rem;
          background: #f9fbfd;
          font-family: "Lexend Deca",Helvetica,Arial,sans-serif;
        }
        .outer-container {
          position: relative;
          height: 100%
        }
        .inner-container {
          position: absolute;
          top: 50%;
          left: 50%;
          transform: translate(-50%, -50%);
          max-width: 640px;
          margin: 0 auto;
          background: white;
          box-shadow: 0 1px 4px 0 rgba(0,0,0,0.1);
          border-radius: 0.1875rem;
          padding: 2rem;
        }
        h1, h3 {
          font-weight: 500;
          -webkit-font-smoothing: antialiased;
          -moz-osx-font-smoothing: grayscale;
          font-smoothing: antialiased;
          text-shadow: 0 0 1px transparent;
          line-height: normal;
        }
        h1 {
          font-size: 1.65rem;
          margin-bottom: 1.25rem;
          margin-top: 0;
          position: relative;
        }
        h1::after {
          background-color: #cbd6e2;
          bottom: -10px;
          left: 0;
          width: 100%;
          content: ' ';
          height: 1px;
          position: absolute;
        }
        h3 {
          font-size: 1.45rem;
          margin-bottom: 0.8rem;
          margin-top: 0;
          position: relative;
        }
        a {
          color: #00a4bd;
          text-decoration: none;
        }
        a:hover {
          text-decoration: underline;
        }
      </style>
    </head>
    <body>
      <div class="outer-container">
        <div class="inner-container">
    <h1>Sorry, this submission wasn't valid</h1>
    <ul>
            <li>Field email encountered BLOCKED_EMAIL error.</li>
    </ul>
    <p>Please fix the errors in your submission and retry</p>

        </div>
      </div>
    </body>
  </html>

[01-Nov-2025 21:46:33 UTC] V3 failed (400):  | {"status":"error","message":"The request is not valid","correlationId":"b1f7b310-3251-413c-af39-a885648f1b17","errors":[{"message":"Error in 'context.hutk'. '' is not a valid Hutk","errorType":"INVALID_HUTK"}]}
[01-Nov-2025 21:47:16 UTC] V3 failed (400):  | {"status":"error","message":"The request is not valid","correlationId":"2427226b-4af5-409d-b28b-894dbc038790","errors":[{"message":"Error in 'context.hutk'. '' is not a valid Hutk","errorType":"INVALID_HUTK"}]}
[02-Nov-2025 23:14:13 UTC] V3 failed (400):  | {"status":"error","message":"The request is not valid","correlationId":"1d0793cd-f598-42a3-9d70-0e07d23b9d52","errors":[{"message":"Error in 'context.hutk'. '' is not a valid Hutk","errorType":"INVALID_HUTK"}]}
[02-Nov-2025 23:14:13 UTC] V2 failed (400):  | 

  <!doctype html>
  <html>
    <head>
      <!-- FIELD_VALIDATION_ERROR -->
      <meta charset="utf-8">
      <link rel="shortcut icon" href="//static.hsappstatic.net/StyleGuideUI/static-3.60/img/sprocket/favicon.ico" type="image/x-icon">

      <title>Your submission wasn&#39;t valid</title>

      <style>
        html, body { height: 100% }
        body {
          padding: 0;
          margin: 0;
          color: #425b76;
          font-size: 0.875rem;
          line-height: 1.65rem;
          background: #f9fbfd;
          font-family: "Lexend Deca",Helvetica,Arial,sans-serif;
        }
        .outer-container {
          position: relative;
          height: 100%
        }
        .inner-container {
          position: absolute;
          top: 50%;
          left: 50%;
          transform: translate(-50%, -50%);
          max-width: 640px;
          margin: 0 auto;
          background: white;
          box-shadow: 0 1px 4px 0 rgba(0,0,0,0.1);
          border-radius: 0.1875rem;
          padding: 2rem;
        }
        h1, h3 {
          font-weight: 500;
          -webkit-font-smoothing: antialiased;
          -moz-osx-font-smoothing: grayscale;
          font-smoothing: antialiased;
          text-shadow: 0 0 1px transparent;
          line-height: normal;
        }
        h1 {
          font-size: 1.65rem;
          margin-bottom: 1.25rem;
          margin-top: 0;
          position: relative;
        }
        h1::after {
          background-color: #cbd6e2;
          bottom: -10px;
          left: 0;
          width: 100%;
          content: ' ';
          height: 1px;
          position: absolute;
        }
        h3 {
          font-size: 1.45rem;
          margin-bottom: 0.8rem;
          margin-top: 0;
          position: relative;
        }
        a {
          color: #00a4bd;
          text-decoration: none;
        }
        a:hover {
          text-decoration: underline;
        }
      </style>
    </head>
    <body>
      <div class="outer-container">
        <div class="inner-container">
    <h1>Sorry, this submission wasn't valid</h1>
    <ul>
            <li>Field email encountered BLOCKED_EMAIL error.</li>
    </ul>
    <p>Please fix the errors in your submission and retry</p>

        </div>
      </div>
    </body>
  </html>

[03-Nov-2025 07:35:34 UTC] V3 failed (400):  | {"status":"error","message":"The request is not valid","correlationId":"af5f6b04-0e67-450e-94ff-80467d6481e5","errors":[{"message":"Error in 'context.hutk'. '' is not a valid Hutk","errorType":"INVALID_HUTK"}]}
[03-Nov-2025 07:35:34 UTC] V2 failed (400):  | 

  <!doctype html>
  <html>
    <head>
      <!-- FIELD_VALIDATION_ERROR -->
      <meta charset="utf-8">
      <link rel="shortcut icon" href="//static.hsappstatic.net/StyleGuideUI/static-3.60/img/sprocket/favicon.ico" type="image/x-icon">

      <title>Your submission wasn&#39;t valid</title>

      <style>
        html, body { height: 100% }
        body {
          padding: 0;
          margin: 0;
          color: #425b76;
          font-size: 0.875rem;
          line-height: 1.65rem;
          background: #f9fbfd;
          font-family: "Lexend Deca",Helvetica,Arial,sans-serif;
        }
        .outer-container {
          position: relative;
          height: 100%
        }
        .inner-container {
          position: absolute;
          top: 50%;
          left: 50%;
          transform: translate(-50%, -50%);
          max-width: 640px;
          margin: 0 auto;
          background: white;
          box-shadow: 0 1px 4px 0 rgba(0,0,0,0.1);
          border-radius: 0.1875rem;
          padding: 2rem;
        }
        h1, h3 {
          font-weight: 500;
          -webkit-font-smoothing: antialiased;
          -moz-osx-font-smoothing: grayscale;
          font-smoothing: antialiased;
          text-shadow: 0 0 1px transparent;
          line-height: normal;
        }
        h1 {
          font-size: 1.65rem;
          margin-bottom: 1.25rem;
          margin-top: 0;
          position: relative;
        }
        h1::after {
          background-color: #cbd6e2;
          bottom: -10px;
          left: 0;
          width: 100%;
          content: ' ';
          height: 1px;
          position: absolute;
        }
        h3 {
          font-size: 1.45rem;
          margin-bottom: 0.8rem;
          margin-top: 0;
          position: relative;
        }
        a {
          color: #00a4bd;
          text-decoration: none;
        }
        a:hover {
          text-decoration: underline;
        }
      </style>
    </head>
    <body>
      <div class="outer-container">
        <div class="inner-container">
    <h1>Sorry, this submission wasn't valid</h1>
    <ul>
            <li>Field email encountered BLOCKED_EMAIL error.</li>
    </ul>
    <p>Please fix the errors in your submission and retry</p>

        </div>
      </div>
    </body>
  </html>

[03-Nov-2025 13:31:19 UTC] V3 failed (400):  | {"status":"error","message":"The request is not valid","correlationId":"a8d3b859-c4ba-45e0-8301-d097aa98e39a","errors":[{"message":"Error in 'fields.email'. Submission from this email address are not allowed","errorType":"BLOCKED_EMAIL"}]}
[03-Nov-2025 13:31:20 UTC] V2 failed (400):  | 

  <!doctype html>
  <html>
    <head>
      <!-- FIELD_VALIDATION_ERROR -->
      <meta charset="utf-8">
      <link rel="shortcut icon" href="//static.hsappstatic.net/StyleGuideUI/static-3.60/img/sprocket/favicon.ico" type="image/x-icon">

      <title>Your submission wasn&#39;t valid</title>

      <style>
        html, body { height: 100% }
        body {
          padding: 0;
          margin: 0;
          color: #425b76;
          font-size: 0.875rem;
          line-height: 1.65rem;
          background: #f9fbfd;
          font-family: "Lexend Deca",Helvetica,Arial,sans-serif;
        }
        .outer-container {
          position: relative;
          height: 100%
        }
        .inner-container {
          position: absolute;
          top: 50%;
          left: 50%;
          transform: translate(-50%, -50%);
          max-width: 640px;
          margin: 0 auto;
          background: white;
          box-shadow: 0 1px 4px 0 rgba(0,0,0,0.1);
          border-radius: 0.1875rem;
          padding: 2rem;
        }
        h1, h3 {
          font-weight: 500;
          -webkit-font-smoothing: antialiased;
          -moz-osx-font-smoothing: grayscale;
          font-smoothing: antialiased;
          text-shadow: 0 0 1px transparent;
          line-height: normal;
        }
        h1 {
          font-size: 1.65rem;
          margin-bottom: 1.25rem;
          margin-top: 0;
          position: relative;
        }
        h1::after {
          background-color: #cbd6e2;
          bottom: -10px;
          left: 0;
          width: 100%;
          content: ' ';
          height: 1px;
          position: absolute;
        }
        h3 {
          font-size: 1.45rem;
          margin-bottom: 0.8rem;
          margin-top: 0;
          position: relative;
        }
        a {
          color: #00a4bd;
          text-decoration: none;
        }
        a:hover {
          text-decoration: underline;
        }
      </style>
    </head>
    <body>
      <div class="outer-container">
        <div class="inner-container">
    <h1>Sorry, this submission wasn't valid</h1>
    <ul>
            <li>Field email encountered BLOCKED_EMAIL error.</li>
    </ul>
    <p>Please fix the errors in your submission and retry</p>

        </div>
      </div>
    </body>
  </html>

[04-Nov-2025 13:05:15 UTC] V3 failed (400):  | {"status":"error","message":"The request is not valid","correlationId":"be0e8d2e-8567-4c0f-8d53-fd4f87d698fa","errors":[{"message":"Error in 'fields.email'. Submission from this email address are not allowed","errorType":"BLOCKED_EMAIL"}]}
[04-Nov-2025 13:05:15 UTC] V2 failed (400):  | 

  <!doctype html>
  <html>
    <head>
      <!-- FIELD_VALIDATION_ERROR -->
      <meta charset="utf-8">
      <link rel="shortcut icon" href="//static.hsappstatic.net/StyleGuideUI/static-3.60/img/sprocket/favicon.ico" type="image/x-icon">

      <title>Your submission wasn&#39;t valid</title>

      <style>
        html, body { height: 100% }
        body {
          padding: 0;
          margin: 0;
          color: #425b76;
          font-size: 0.875rem;
          line-height: 1.65rem;
          background: #f9fbfd;
          font-family: "Lexend Deca",Helvetica,Arial,sans-serif;
        }
        .outer-container {
          position: relative;
          height: 100%
        }
        .inner-container {
          position: absolute;
          top: 50%;
          left: 50%;
          transform: translate(-50%, -50%);
          max-width: 640px;
          margin: 0 auto;
          background: white;
          box-shadow: 0 1px 4px 0 rgba(0,0,0,0.1);
          border-radius: 0.1875rem;
          padding: 2rem;
        }
        h1, h3 {
          font-weight: 500;
          -webkit-font-smoothing: antialiased;
          -moz-osx-font-smoothing: grayscale;
          font-smoothing: antialiased;
          text-shadow: 0 0 1px transparent;
          line-height: normal;
        }
        h1 {
          font-size: 1.65rem;
          margin-bottom: 1.25rem;
          margin-top: 0;
          position: relative;
        }
        h1::after {
          background-color: #cbd6e2;
          bottom: -10px;
          left: 0;
          width: 100%;
          content: ' ';
          height: 1px;
          position: absolute;
        }
        h3 {
          font-size: 1.45rem;
          margin-bottom: 0.8rem;
          margin-top: 0;
          position: relative;
        }
        a {
          color: #00a4bd;
          text-decoration: none;
        }
        a:hover {
          text-decoration: underline;
        }
      </style>
    </head>
    <body>
      <div class="outer-container">
        <div class="inner-container">
    <h1>Sorry, this submission wasn't valid</h1>
    <ul>
            <li>Field email encountered BLOCKED_EMAIL error.</li>
    </ul>
    <p>Please fix the errors in your submission and retry</p>

        </div>
      </div>
    </body>
  </html>

[05-Nov-2025 17:30:40 UTC] V3 failed (400):  | {"status":"error","message":"The request is not valid","correlationId":"2bec2b7a-cfb5-446e-b0a9-637dbede51f4","errors":[{"message":"Error in 'context.hutk'. '' is not a valid Hutk","errorType":"INVALID_HUTK"}]}
[06-Nov-2025 03:41:56 UTC] V3 failed (400):  | {"status":"error","message":"The request is not valid","correlationId":"ec4b2964-fd44-4a42-8f5d-021d4b5f682e","errors":[{"message":"Error in 'context.hutk'. '' is not a valid Hutk","errorType":"INVALID_HUTK"}]}
[06-Nov-2025 03:41:57 UTC] V2 failed (400):  | 

  <!doctype html>
  <html>
    <head>
      <!-- FIELD_VALIDATION_ERROR -->
      <meta charset="utf-8">
      <link rel="shortcut icon" href="//static.hsappstatic.net/StyleGuideUI/static-3.60/img/sprocket/favicon.ico" type="image/x-icon">

      <title>Your submission wasn&#39;t valid</title>

      <style>
        html, body { height: 100% }
        body {
          padding: 0;
          margin: 0;
          color: #425b76;
          font-size: 0.875rem;
          line-height: 1.65rem;
          background: #f9fbfd;
          font-family: "Lexend Deca",Helvetica,Arial,sans-serif;
        }
        .outer-container {
          position: relative;
          height: 100%
        }
        .inner-container {
          position: absolute;
          top: 50%;
          left: 50%;
          transform: translate(-50%, -50%);
          max-width: 640px;
          margin: 0 auto;
          background: white;
          box-shadow: 0 1px 4px 0 rgba(0,0,0,0.1);
          border-radius: 0.1875rem;
          padding: 2rem;
        }
        h1, h3 {
          font-weight: 500;
          -webkit-font-smoothing: antialiased;
          -moz-osx-font-smoothing: grayscale;
          font-smoothing: antialiased;
          text-shadow: 0 0 1px transparent;
          line-height: normal;
        }
        h1 {
          font-size: 1.65rem;
          margin-bottom: 1.25rem;
          margin-top: 0;
          position: relative;
        }
        h1::after {
          background-color: #cbd6e2;
          bottom: -10px;
          left: 0;
          width: 100%;
          content: ' ';
          height: 1px;
          position: absolute;
        }
        h3 {
          font-size: 1.45rem;
          margin-bottom: 0.8rem;
          margin-top: 0;
          position: relative;
        }
        a {
          color: #00a4bd;
          text-decoration: none;
        }
        a:hover {
          text-decoration: underline;
        }
      </style>
    </head>
    <body>
      <div class="outer-container">
        <div class="inner-container">
    <h1>Sorry, this submission wasn't valid</h1>
    <ul>
            <li>Field email encountered BLOCKED_EMAIL error.</li>
    </ul>
    <p>Please fix the errors in your submission and retry</p>

        </div>
      </div>
    </body>
  </html>

[06-Nov-2025 14:15:55 UTC] V3 failed (400):  | {"status":"error","message":"The request is not valid","correlationId":"e7ee51fb-4e97-492c-913f-2134c564a4b3","errors":[{"message":"Error in 'context.hutk'. '' is not a valid Hutk","errorType":"INVALID_HUTK"}]}
[06-Nov-2025 14:15:55 UTC] V2 failed (400):  | 

  <!doctype html>
  <html>
    <head>
      <!-- FIELD_VALIDATION_ERROR -->
      <meta charset="utf-8">
      <link rel="shortcut icon" href="//static.hsappstatic.net/StyleGuideUI/static-3.60/img/sprocket/favicon.ico" type="image/x-icon">

      <title>Your submission wasn&#39;t valid</title>

      <style>
        html, body { height: 100% }
        body {
          padding: 0;
          margin: 0;
          color: #425b76;
          font-size: 0.875rem;
          line-height: 1.65rem;
          background: #f9fbfd;
          font-family: "Lexend Deca",Helvetica,Arial,sans-serif;
        }
        .outer-container {
          position: relative;
          height: 100%
        }
        .inner-container {
          position: absolute;
          top: 50%;
          left: 50%;
          transform: translate(-50%, -50%);
          max-width: 640px;
          margin: 0 auto;
          background: white;
          box-shadow: 0 1px 4px 0 rgba(0,0,0,0.1);
          border-radius: 0.1875rem;
          padding: 2rem;
        }
        h1, h3 {
          font-weight: 500;
          -webkit-font-smoothing: antialiased;
          -moz-osx-font-smoothing: grayscale;
          font-smoothing: antialiased;
          text-shadow: 0 0 1px transparent;
          line-height: normal;
        }
        h1 {
          font-size: 1.65rem;
          margin-bottom: 1.25rem;
          margin-top: 0;
          position: relative;
        }
        h1::after {
          background-color: #cbd6e2;
          bottom: -10px;
          left: 0;
          width: 100%;
          content: ' ';
          height: 1px;
          position: absolute;
        }
        h3 {
          font-size: 1.45rem;
          margin-bottom: 0.8rem;
          margin-top: 0;
          position: relative;
        }
        a {
          color: #00a4bd;
          text-decoration: none;
        }
        a:hover {
          text-decoration: underline;
        }
      </style>
    </head>
    <body>
      <div class="outer-container">
        <div class="inner-container">
    <h1>Sorry, this submission wasn't valid</h1>
    <ul>
            <li>Field email encountered BLOCKED_EMAIL error.</li>
    </ul>
    <p>Please fix the errors in your submission and retry</p>

        </div>
      </div>
    </body>
  </html>

[06-Nov-2025 18:23:42 UTC] V3 failed (400):  | {"status":"error","message":"The request is not valid","correlationId":"f8006d80-c98d-497e-9719-5d09e2b24111","errors":[{"message":"Error in 'context.hutk'. '' is not a valid Hutk","errorType":"INVALID_HUTK"}]}
[06-Nov-2025 23:37:26 UTC] Missing fields: firstname,lastname,email,phone,service,company
[07-Nov-2025 05:42:15 UTC] Missing fields: firstname,lastname,email,phone,service,company
[07-Nov-2025 09:54:56 UTC] V3 failed (400):  | {"status":"error","message":"The request is not valid","correlationId":"923a5191-c3a0-4223-807b-d51e40ac1eeb","errors":[{"message":"Error in 'context.hutk'. '' is not a valid Hutk","errorType":"INVALID_HUTK"}]}
[07-Nov-2025 09:54:56 UTC] V2 failed (400):  | 

  <!doctype html>
  <html>
    <head>
      <!-- FIELD_VALIDATION_ERROR -->
      <meta charset="utf-8">
      <link rel="shortcut icon" href="//static.hsappstatic.net/StyleGuideUI/static-3.60/img/sprocket/favicon.ico" type="image/x-icon">

      <title>Your submission wasn&#39;t valid</title>

      <style>
        html, body { height: 100% }
        body {
          padding: 0;
          margin: 0;
          color: #425b76;
          font-size: 0.875rem;
          line-height: 1.65rem;
          background: #f9fbfd;
          font-family: "Lexend Deca",Helvetica,Arial,sans-serif;
        }
        .outer-container {
          position: relative;
          height: 100%
        }
        .inner-container {
          position: absolute;
          top: 50%;
          left: 50%;
          transform: translate(-50%, -50%);
          max-width: 640px;
          margin: 0 auto;
          background: white;
          box-shadow: 0 1px 4px 0 rgba(0,0,0,0.1);
          border-radius: 0.1875rem;
          padding: 2rem;
        }
        h1, h3 {
          font-weight: 500;
          -webkit-font-smoothing: antialiased;
          -moz-osx-font-smoothing: grayscale;
          font-smoothing: antialiased;
          text-shadow: 0 0 1px transparent;
          line-height: normal;
        }
        h1 {
          font-size: 1.65rem;
          margin-bottom: 1.25rem;
          margin-top: 0;
          position: relative;
        }
        h1::after {
          background-color: #cbd6e2;
          bottom: -10px;
          left: 0;
          width: 100%;
          content: ' ';
          height: 1px;
          position: absolute;
        }
        h3 {
          font-size: 1.45rem;
          margin-bottom: 0.8rem;
          margin-top: 0;
          position: relative;
        }
        a {
          color: #00a4bd;
          text-decoration: none;
        }
        a:hover {
          text-decoration: underline;
        }
      </style>
    </head>
    <body>
      <div class="outer-container">
        <div class="inner-container">
    <h1>Sorry, this submission wasn't valid</h1>
    <ul>
            <li>Field email encountered BLOCKED_EMAIL error.</li>
    </ul>
    <p>Please fix the errors in your submission and retry</p>

        </div>
      </div>
    </body>
  </html>

[07-Nov-2025 12:38:35 UTC] Missing fields: firstname,lastname,email,phone,service,company
[08-Nov-2025 17:07:44 UTC] V3 failed (400):  | {"status":"error","message":"The request is not valid","correlationId":"5599fe3d-97ae-4b50-be84-d959ce1baf11","errors":[{"message":"Error in 'context.hutk'. '' is not a valid Hutk","errorType":"INVALID_HUTK"}]}
[08-Nov-2025 23:25:03 UTC] V3 failed (400):  | {"status":"error","message":"The request is not valid","correlationId":"7f3bcb5d-837f-4144-b3ea-9ce8141d653b","errors":[{"message":"Error in 'context.hutk'. '' is not a valid Hutk","errorType":"INVALID_HUTK"}]}
[08-Nov-2025 23:25:04 UTC] V2 failed (400):  | 

  <!doctype html>
  <html>
    <head>
      <!-- FIELD_VALIDATION_ERROR -->
      <meta charset="utf-8">
      <link rel="shortcut icon" href="//static.hsappstatic.net/StyleGuideUI/static-3.60/img/sprocket/favicon.ico" type="image/x-icon">

      <title>Your submission wasn&#39;t valid</title>

      <style>
        html, body { height: 100% }
        body {
          padding: 0;
          margin: 0;
          color: #425b76;
          font-size: 0.875rem;
          line-height: 1.65rem;
          background: #f9fbfd;
          font-family: "Lexend Deca",Helvetica,Arial,sans-serif;
        }
        .outer-container {
          position: relative;
          height: 100%
        }
        .inner-container {
          position: absolute;
          top: 50%;
          left: 50%;
          transform: translate(-50%, -50%);
          max-width: 640px;
          margin: 0 auto;
          background: white;
          box-shadow: 0 1px 4px 0 rgba(0,0,0,0.1);
          border-radius: 0.1875rem;
          padding: 2rem;
        }
        h1, h3 {
          font-weight: 500;
          -webkit-font-smoothing: antialiased;
          -moz-osx-font-smoothing: grayscale;
          font-smoothing: antialiased;
          text-shadow: 0 0 1px transparent;
          line-height: normal;
        }
        h1 {
          font-size: 1.65rem;
          margin-bottom: 1.25rem;
          margin-top: 0;
          position: relative;
        }
        h1::after {
          background-color: #cbd6e2;
          bottom: -10px;
          left: 0;
          width: 100%;
          content: ' ';
          height: 1px;
          position: absolute;
        }
        h3 {
          font-size: 1.45rem;
          margin-bottom: 0.8rem;
          margin-top: 0;
          position: relative;
        }
        a {
          color: #00a4bd;
          text-decoration: none;
        }
        a:hover {
          text-decoration: underline;
        }
      </style>
    </head>
    <body>
      <div class="outer-container">
        <div class="inner-container">
    <h1>Sorry, this submission wasn't valid</h1>
    <ul>
            <li>Field email encountered BLOCKED_EMAIL error.</li>
    </ul>
    <p>Please fix the errors in your submission and retry</p>

        </div>
      </div>
    </body>
  </html>

[09-Nov-2025 06:44:46 UTC] V3 failed (400):  | {"status":"error","message":"The request is not valid","correlationId":"5810740e-4501-4d2d-8c7b-d70e4670f5c5","errors":[{"message":"Error in 'context.hutk'. '' is not a valid Hutk","errorType":"INVALID_HUTK"}]}
[09-Nov-2025 06:44:46 UTC] V2 failed (400):  | 

  <!doctype html>
  <html>
    <head>
      <!-- FIELD_VALIDATION_ERROR -->
      <meta charset="utf-8">
      <link rel="shortcut icon" href="//static.hsappstatic.net/StyleGuideUI/static-3.60/img/sprocket/favicon.ico" type="image/x-icon">

      <title>Your submission wasn&#39;t valid</title>

      <style>
        html, body { height: 100% }
        body {
          padding: 0;
          margin: 0;
          color: #425b76;
          font-size: 0.875rem;
          line-height: 1.65rem;
          background: #f9fbfd;
          font-family: "Lexend Deca",Helvetica,Arial,sans-serif;
        }
        .outer-container {
          position: relative;
          height: 100%
        }
        .inner-container {
          position: absolute;
          top: 50%;
          left: 50%;
          transform: translate(-50%, -50%);
          max-width: 640px;
          margin: 0 auto;
          background: white;
          box-shadow: 0 1px 4px 0 rgba(0,0,0,0.1);
          border-radius: 0.1875rem;
          padding: 2rem;
        }
        h1, h3 {
          font-weight: 500;
          -webkit-font-smoothing: antialiased;
          -moz-osx-font-smoothing: grayscale;
          font-smoothing: antialiased;
          text-shadow: 0 0 1px transparent;
          line-height: normal;
        }
        h1 {
          font-size: 1.65rem;
          margin-bottom: 1.25rem;
          margin-top: 0;
          position: relative;
        }
        h1::after {
          background-color: #cbd6e2;
          bottom: -10px;
          left: 0;
          width: 100%;
          content: ' ';
          height: 1px;
          position: absolute;
        }
        h3 {
          font-size: 1.45rem;
          margin-bottom: 0.8rem;
          margin-top: 0;
          position: relative;
        }
        a {
          color: #00a4bd;
          text-decoration: none;
        }
        a:hover {
          text-decoration: underline;
        }
      </style>
    </head>
    <body>
      <div class="outer-container">
        <div class="inner-container">
    <h1>Sorry, this submission wasn't valid</h1>
    <ul>
            <li>Field email encountered BLOCKED_EMAIL error.</li>
    </ul>
    <p>Please fix the errors in your submission and retry</p>

        </div>
      </div>
    </body>
  </html>

[09-Nov-2025 10:40:23 UTC] Missing fields: service
[09-Nov-2025 19:37:16 UTC] V3 failed (400):  | {"status":"error","message":"The request is not valid","correlationId":"95979211-0dd9-4c7c-9f6c-0b321871cd3e","errors":[{"message":"Error in 'context.hutk'. '' is not a valid Hutk","errorType":"INVALID_HUTK"}]}
[09-Nov-2025 19:37:16 UTC] V2 failed (400):  | 

  <!doctype html>
  <html>
    <head>
      <!-- FIELD_VALIDATION_ERROR -->
      <meta charset="utf-8">
      <link rel="shortcut icon" href="//static.hsappstatic.net/StyleGuideUI/static-3.60/img/sprocket/favicon.ico" type="image/x-icon">

      <title>Your submission wasn&#39;t valid</title>

      <style>
        html, body { height: 100% }
        body {
          padding: 0;
          margin: 0;
          color: #425b76;
          font-size: 0.875rem;
          line-height: 1.65rem;
          background: #f9fbfd;
          font-family: "Lexend Deca",Helvetica,Arial,sans-serif;
        }
        .outer-container {
          position: relative;
          height: 100%
        }
        .inner-container {
          position: absolute;
          top: 50%;
          left: 50%;
          transform: translate(-50%, -50%);
          max-width: 640px;
          margin: 0 auto;
          background: white;
          box-shadow: 0 1px 4px 0 rgba(0,0,0,0.1);
          border-radius: 0.1875rem;
          padding: 2rem;
        }
        h1, h3 {
          font-weight: 500;
          -webkit-font-smoothing: antialiased;
          -moz-osx-font-smoothing: grayscale;
          font-smoothing: antialiased;
          text-shadow: 0 0 1px transparent;
          line-height: normal;
        }
        h1 {
          font-size: 1.65rem;
          margin-bottom: 1.25rem;
          margin-top: 0;
          position: relative;
        }
        h1::after {
          background-color: #cbd6e2;
          bottom: -10px;
          left: 0;
          width: 100%;
          content: ' ';
          height: 1px;
          position: absolute;
        }
        h3 {
          font-size: 1.45rem;
          margin-bottom: 0.8rem;
          margin-top: 0;
          position: relative;
        }
        a {
          color: #00a4bd;
          text-decoration: none;
        }
        a:hover {
          text-decoration: underline;
        }
      </style>
    </head>
    <body>
      <div class="outer-container">
        <div class="inner-container">
    <h1>Sorry, this submission wasn't valid</h1>
    <ul>
            <li>Field email encountered BLOCKED_EMAIL error.</li>
    </ul>
    <p>Please fix the errors in your submission and retry</p>

        </div>
      </div>
    </body>
  </html>

[11-Nov-2025 00:23:04 UTC] Missing fields: firstname,lastname,email,phone,service,company
[12-Nov-2025 12:59:30 UTC] V3 failed (400):  | {"status":"error","message":"The request is not valid","correlationId":"2bc8c002-0195-4d05-88b4-ae8b2745fc7d","errors":[{"message":"Error in 'context.hutk'. '' is not a valid Hutk","errorType":"INVALID_HUTK"}]}
[12-Nov-2025 12:59:31 UTC] V2 failed (400):  | 

  <!doctype html>
  <html>
    <head>
      <!-- FIELD_VALIDATION_ERROR -->
      <meta charset="utf-8">
      <link rel="shortcut icon" href="//static.hsappstatic.net/StyleGuideUI/static-3.60/img/sprocket/favicon.ico" type="image/x-icon">

      <title>Your submission wasn&#39;t valid</title>

      <style>
        html, body { height: 100% }
        body {
          padding: 0;
          margin: 0;
          color: #425b76;
          font-size: 0.875rem;
          line-height: 1.65rem;
          background: #f9fbfd;
          font-family: "Lexend Deca",Helvetica,Arial,sans-serif;
        }
        .outer-container {
          position: relative;
          height: 100%
        }
        .inner-container {
          position: absolute;
          top: 50%;
          left: 50%;
          transform: translate(-50%, -50%);
          max-width: 640px;
          margin: 0 auto;
          background: white;
          box-shadow: 0 1px 4px 0 rgba(0,0,0,0.1);
          border-radius: 0.1875rem;
          padding: 2rem;
        }
        h1, h3 {
          font-weight: 500;
          -webkit-font-smoothing: antialiased;
          -moz-osx-font-smoothing: grayscale;
          font-smoothing: antialiased;
          text-shadow: 0 0 1px transparent;
          line-height: normal;
        }
        h1 {
          font-size: 1.65rem;
          margin-bottom: 1.25rem;
          margin-top: 0;
          position: relative;
        }
        h1::after {
          background-color: #cbd6e2;
          bottom: -10px;
          left: 0;
          width: 100%;
          content: ' ';
          height: 1px;
          position: absolute;
        }
        h3 {
          font-size: 1.45rem;
          margin-bottom: 0.8rem;
          margin-top: 0;
          position: relative;
        }
        a {
          color: #00a4bd;
          text-decoration: none;
        }
        a:hover {
          text-decoration: underline;
        }
      </style>
    </head>
    <body>
      <div class="outer-container">
        <div class="inner-container">
    <h1>Sorry, this submission wasn't valid</h1>
    <ul>
            <li>Field email encountered BLOCKED_EMAIL error.</li>
    </ul>
    <p>Please fix the errors in your submission and retry</p>

        </div>
      </div>
    </body>
  </html>

[13-Nov-2025 03:09:36 UTC] V3 failed (400):  | {"status":"error","message":"The request is not valid","correlationId":"4dc256cf-e236-4a87-9d21-41de68ce60fe","errors":[{"message":"Error in 'fields.email'. Submission from this email address are not allowed","errorType":"BLOCKED_EMAIL"}]}
[13-Nov-2025 03:09:36 UTC] V2 failed (400):  | 

  <!doctype html>
  <html>
    <head>
      <!-- FIELD_VALIDATION_ERROR -->
      <meta charset="utf-8">
      <link rel="shortcut icon" href="//static.hsappstatic.net/StyleGuideUI/static-3.60/img/sprocket/favicon.ico" type="image/x-icon">

      <title>Your submission wasn&#39;t valid</title>

      <style>
        html, body { height: 100% }
        body {
          padding: 0;
          margin: 0;
          color: #425b76;
          font-size: 0.875rem;
          line-height: 1.65rem;
          background: #f9fbfd;
          font-family: "Lexend Deca",Helvetica,Arial,sans-serif;
        }
        .outer-container {
          position: relative;
          height: 100%
        }
        .inner-container {
          position: absolute;
          top: 50%;
          left: 50%;
          transform: translate(-50%, -50%);
          max-width: 640px;
          margin: 0 auto;
          background: white;
          box-shadow: 0 1px 4px 0 rgba(0,0,0,0.1);
          border-radius: 0.1875rem;
          padding: 2rem;
        }
        h1, h3 {
          font-weight: 500;
          -webkit-font-smoothing: antialiased;
          -moz-osx-font-smoothing: grayscale;
          font-smoothing: antialiased;
          text-shadow: 0 0 1px transparent;
          line-height: normal;
        }
        h1 {
          font-size: 1.65rem;
          margin-bottom: 1.25rem;
          margin-top: 0;
          position: relative;
        }
        h1::after {
          background-color: #cbd6e2;
          bottom: -10px;
          left: 0;
          width: 100%;
          content: ' ';
          height: 1px;
          position: absolute;
        }
        h3 {
          font-size: 1.45rem;
          margin-bottom: 0.8rem;
          margin-top: 0;
          position: relative;
        }
        a {
          color: #00a4bd;
          text-decoration: none;
        }
        a:hover {
          text-decoration: underline;
        }
      </style>
    </head>
    <body>
      <div class="outer-container">
        <div class="inner-container">
    <h1>Sorry, this submission wasn't valid</h1>
    <ul>
            <li>Field email encountered BLOCKED_EMAIL error.</li>
    </ul>
    <p>Please fix the errors in your submission and retry</p>

        </div>
      </div>
    </body>
  </html>

[14-Nov-2025 02:45:44 UTC] V3 failed (400):  | {"status":"error","message":"The request is not valid","correlationId":"13ddec7b-7ad3-4cdb-8bca-33982f4860f8","errors":[{"message":"Error in 'context.hutk'. '' is not a valid Hutk","errorType":"INVALID_HUTK"}]}
[14-Nov-2025 13:02:46 UTC] V3 failed (400):  | {"status":"error","message":"The request is not valid","correlationId":"9e3dfa1c-e75e-4fcc-ae06-e06b9d27b537","errors":[{"message":"Error in 'context.hutk'. '' is not a valid Hutk","errorType":"INVALID_HUTK"}]}
[14-Nov-2025 13:02:47 UTC] V2 failed (400):  | 

  <!doctype html>
  <html>
    <head>
      <!-- FIELD_VALIDATION_ERROR -->
      <meta charset="utf-8">
      <link rel="shortcut icon" href="//static.hsappstatic.net/StyleGuideUI/static-3.60/img/sprocket/favicon.ico" type="image/x-icon">

      <title>Your submission wasn&#39;t valid</title>

      <style>
        html, body { height: 100% }
        body {
          padding: 0;
          margin: 0;
          color: #425b76;
          font-size: 0.875rem;
          line-height: 1.65rem;
          background: #f9fbfd;
          font-family: "Lexend Deca",Helvetica,Arial,sans-serif;
        }
        .outer-container {
          position: relative;
          height: 100%
        }
        .inner-container {
          position: absolute;
          top: 50%;
          left: 50%;
          transform: translate(-50%, -50%);
          max-width: 640px;
          margin: 0 auto;
          background: white;
          box-shadow: 0 1px 4px 0 rgba(0,0,0,0.1);
          border-radius: 0.1875rem;
          padding: 2rem;
        }
        h1, h3 {
          font-weight: 500;
          -webkit-font-smoothing: antialiased;
          -moz-osx-font-smoothing: grayscale;
          font-smoothing: antialiased;
          text-shadow: 0 0 1px transparent;
          line-height: normal;
        }
        h1 {
          font-size: 1.65rem;
          margin-bottom: 1.25rem;
          margin-top: 0;
          position: relative;
        }
        h1::after {
          background-color: #cbd6e2;
          bottom: -10px;
          left: 0;
          width: 100%;
          content: ' ';
          height: 1px;
          position: absolute;
        }
        h3 {
          font-size: 1.45rem;
          margin-bottom: 0.8rem;
          margin-top: 0;
          position: relative;
        }
        a {
          color: #00a4bd;
          text-decoration: none;
        }
        a:hover {
          text-decoration: underline;
        }
      </style>
    </head>
    <body>
      <div class="outer-container">
        <div class="inner-container">
    <h1>Sorry, this submission wasn't valid</h1>
    <ul>
            <li>Field email encountered BLOCKED_EMAIL error.</li>
    </ul>
    <p>Please fix the errors in your submission and retry</p>

        </div>
      </div>
    </body>
  </html>

[14-Nov-2025 23:38:41 UTC] V3 failed (400):  | {"status":"error","message":"The request is not valid","correlationId":"f4a5b5d9-6999-49b0-aed1-e82728357b96","errors":[{"message":"Error in 'context.hutk'. '' is not a valid Hutk","errorType":"INVALID_HUTK"}]}
[14-Nov-2025 23:38:42 UTC] V2 failed (400):  | 

  <!doctype html>
  <html>
    <head>
      <!-- FIELD_VALIDATION_ERROR -->
      <meta charset="utf-8">
      <link rel="shortcut icon" href="//static.hsappstatic.net/StyleGuideUI/static-3.60/img/sprocket/favicon.ico" type="image/x-icon">

      <title>Your submission wasn&#39;t valid</title>

      <style>
        html, body { height: 100% }
        body {
          padding: 0;
          margin: 0;
          color: #425b76;
          font-size: 0.875rem;
          line-height: 1.65rem;
          background: #f9fbfd;
          font-family: "Lexend Deca",Helvetica,Arial,sans-serif;
        }
        .outer-container {
          position: relative;
          height: 100%
        }
        .inner-container {
          position: absolute;
          top: 50%;
          left: 50%;
          transform: translate(-50%, -50%);
          max-width: 640px;
          margin: 0 auto;
          background: white;
          box-shadow: 0 1px 4px 0 rgba(0,0,0,0.1);
          border-radius: 0.1875rem;
          padding: 2rem;
        }
        h1, h3 {
          font-weight: 500;
          -webkit-font-smoothing: antialiased;
          -moz-osx-font-smoothing: grayscale;
          font-smoothing: antialiased;
          text-shadow: 0 0 1px transparent;
          line-height: normal;
        }
        h1 {
          font-size: 1.65rem;
          margin-bottom: 1.25rem;
          margin-top: 0;
          position: relative;
        }
        h1::after {
          background-color: #cbd6e2;
          bottom: -10px;
          left: 0;
          width: 100%;
          content: ' ';
          height: 1px;
          position: absolute;
        }
        h3 {
          font-size: 1.45rem;
          margin-bottom: 0.8rem;
          margin-top: 0;
          position: relative;
        }
        a {
          color: #00a4bd;
          text-decoration: none;
        }
        a:hover {
          text-decoration: underline;
        }
      </style>
    </head>
    <body>
      <div class="outer-container">
        <div class="inner-container">
    <h1>Sorry, this submission wasn't valid</h1>
    <ul>
            <li>Field email encountered BLOCKED_EMAIL error.</li>
    </ul>
    <p>Please fix the errors in your submission and retry</p>

        </div>
      </div>
    </body>
  </html>

[15-Nov-2025 20:06:12 UTC] V3 failed (400):  | {"status":"error","message":"The request is not valid","correlationId":"31d3ac40-cede-4003-847b-d3eedd34d98e","errors":[{"message":"Error in 'context.hutk'. '' is not a valid Hutk","errorType":"INVALID_HUTK"}]}
[15-Nov-2025 20:06:12 UTC] V2 failed (400):  | 

  <!doctype html>
  <html>
    <head>
      <!-- FIELD_VALIDATION_ERROR -->
      <meta charset="utf-8">
      <link rel="shortcut icon" href="//static.hsappstatic.net/StyleGuideUI/static-3.60/img/sprocket/favicon.ico" type="image/x-icon">

      <title>Your submission wasn&#39;t valid</title>

      <style>
        html, body { height: 100% }
        body {
          padding: 0;
          margin: 0;
          color: #425b76;
          font-size: 0.875rem;
          line-height: 1.65rem;
          background: #f9fbfd;
          font-family: "Lexend Deca",Helvetica,Arial,sans-serif;
        }
        .outer-container {
          position: relative;
          height: 100%
        }
        .inner-container {
          position: absolute;
          top: 50%;
          left: 50%;
          transform: translate(-50%, -50%);
          max-width: 640px;
          margin: 0 auto;
          background: white;
          box-shadow: 0 1px 4px 0 rgba(0,0,0,0.1);
          border-radius: 0.1875rem;
          padding: 2rem;
        }
        h1, h3 {
          font-weight: 500;
          -webkit-font-smoothing: antialiased;
          -moz-osx-font-smoothing: grayscale;
          font-smoothing: antialiased;
          text-shadow: 0 0 1px transparent;
          line-height: normal;
        }
        h1 {
          font-size: 1.65rem;
          margin-bottom: 1.25rem;
          margin-top: 0;
          position: relative;
        }
        h1::after {
          background-color: #cbd6e2;
          bottom: -10px;
          left: 0;
          width: 100%;
          content: ' ';
          height: 1px;
          position: absolute;
        }
        h3 {
          font-size: 1.45rem;
          margin-bottom: 0.8rem;
          margin-top: 0;
          position: relative;
        }
        a {
          color: #00a4bd;
          text-decoration: none;
        }
        a:hover {
          text-decoration: underline;
        }
      </style>
    </head>
    <body>
      <div class="outer-container">
        <div class="inner-container">
    <h1>Sorry, this submission wasn't valid</h1>
    <ul>
            <li>Field email encountered BLOCKED_EMAIL error.</li>
    </ul>
    <p>Please fix the errors in your submission and retry</p>

        </div>
      </div>
    </body>
  </html>

[15-Nov-2025 20:41:33 UTC] V3 failed (400):  | {"status":"error","message":"The request is not valid","correlationId":"03c8c6d5-3a86-4c84-aebf-e7eee7f1beb2","errors":[{"message":"Error in 'context.hutk'. '' is not a valid Hutk","errorType":"INVALID_HUTK"}]}
[16-Nov-2025 16:52:21 UTC] V3 failed (400):  | {"status":"error","message":"The request is not valid","correlationId":"93beb606-a39f-4341-95c5-d47ece803891","errors":[{"message":"Error in 'context.hutk'. '' is not a valid Hutk","errorType":"INVALID_HUTK"}]}
[16-Nov-2025 16:52:22 UTC] V2 failed (400):  | 

  <!doctype html>
  <html>
    <head>
      <!-- FIELD_VALIDATION_ERROR -->
      <meta charset="utf-8">
      <link rel="shortcut icon" href="//static.hsappstatic.net/StyleGuideUI/static-3.60/img/sprocket/favicon.ico" type="image/x-icon">

      <title>Your submission wasn&#39;t valid</title>

      <style>
        html, body { height: 100% }
        body {
          padding: 0;
          margin: 0;
          color: #425b76;
          font-size: 0.875rem;
          line-height: 1.65rem;
          background: #f9fbfd;
          font-family: "Lexend Deca",Helvetica,Arial,sans-serif;
        }
        .outer-container {
          position: relative;
          height: 100%
        }
        .inner-container {
          position: absolute;
          top: 50%;
          left: 50%;
          transform: translate(-50%, -50%);
          max-width: 640px;
          margin: 0 auto;
          background: white;
          box-shadow: 0 1px 4px 0 rgba(0,0,0,0.1);
          border-radius: 0.1875rem;
          padding: 2rem;
        }
        h1, h3 {
          font-weight: 500;
          -webkit-font-smoothing: antialiased;
          -moz-osx-font-smoothing: grayscale;
          font-smoothing: antialiased;
          text-shadow: 0 0 1px transparent;
          line-height: normal;
        }
        h1 {
          font-size: 1.65rem;
          margin-bottom: 1.25rem;
          margin-top: 0;
          position: relative;
        }
        h1::after {
          background-color: #cbd6e2;
          bottom: -10px;
          left: 0;
          width: 100%;
          content: ' ';
          height: 1px;
          position: absolute;
        }
        h3 {
          font-size: 1.45rem;
          margin-bottom: 0.8rem;
          margin-top: 0;
          position: relative;
        }
        a {
          color: #00a4bd;
          text-decoration: none;
        }
        a:hover {
          text-decoration: underline;
        }
      </style>
    </head>
    <body>
      <div class="outer-container">
        <div class="inner-container">
    <h1>Sorry, this submission wasn't valid</h1>
    <ul>
            <li>Field email encountered BLOCKED_EMAIL error.</li>
    </ul>
    <p>Please fix the errors in your submission and retry</p>

        </div>
      </div>
    </body>
  </html>

[17-Nov-2025 05:13:17 UTC] Missing fields: service
[17-Nov-2025 07:32:39 UTC] Missing fields: phone
[18-Nov-2025 18:44:03 UTC] Missing fields: service
[19-Nov-2025 23:33:42 UTC] V3 failed (400):  | {"status":"error","message":"The request is not valid","correlationId":"11c52e5f-75c6-4623-8259-94b27a1a1eb5","errors":[{"message":"Error in 'context.hutk'. '' is not a valid Hutk","errorType":"INVALID_HUTK"}]}
[19-Nov-2025 23:33:42 UTC] V2 failed (400):  | 

  <!doctype html>
  <html>
    <head>
      <!-- FIELD_VALIDATION_ERROR -->
      <meta charset="utf-8">
      <link rel="shortcut icon" href="//static.hsappstatic.net/StyleGuideUI/static-3.60/img/sprocket/favicon.ico" type="image/x-icon">

      <title>Your submission wasn&#39;t valid</title>

      <style>
        html, body { height: 100% }
        body {
          padding: 0;
          margin: 0;
          color: #425b76;
          font-size: 0.875rem;
          line-height: 1.65rem;
          background: #f9fbfd;
          font-family: "Lexend Deca",Helvetica,Arial,sans-serif;
        }
        .outer-container {
          position: relative;
          height: 100%
        }
        .inner-container {
          position: absolute;
          top: 50%;
          left: 50%;
          transform: translate(-50%, -50%);
          max-width: 640px;
          margin: 0 auto;
          background: white;
          box-shadow: 0 1px 4px 0 rgba(0,0,0,0.1);
          border-radius: 0.1875rem;
          padding: 2rem;
        }
        h1, h3 {
          font-weight: 500;
          -webkit-font-smoothing: antialiased;
          -moz-osx-font-smoothing: grayscale;
          font-smoothing: antialiased;
          text-shadow: 0 0 1px transparent;
          line-height: normal;
        }
        h1 {
          font-size: 1.65rem;
          margin-bottom: 1.25rem;
          margin-top: 0;
          position: relative;
        }
        h1::after {
          background-color: #cbd6e2;
          bottom: -10px;
          left: 0;
          width: 100%;
          content: ' ';
          height: 1px;
          position: absolute;
        }
        h3 {
          font-size: 1.45rem;
          margin-bottom: 0.8rem;
          margin-top: 0;
          position: relative;
        }
        a {
          color: #00a4bd;
          text-decoration: none;
        }
        a:hover {
          text-decoration: underline;
        }
      </style>
    </head>
    <body>
      <div class="outer-container">
        <div class="inner-container">
    <h1>Sorry, this submission wasn't valid</h1>
    <ul>
            <li>Field email encountered BLOCKED_EMAIL error.</li>
    </ul>
    <p>Please fix the errors in your submission and retry</p>

        </div>
      </div>
    </body>
  </html>

[20-Nov-2025 05:28:44 UTC] V3 failed (400):  | {"status":"error","message":"The request is not valid","correlationId":"ba519483-2457-4b6a-8f6a-90e3da9e1b25","errors":[{"message":"Error in 'context.hutk'. '' is not a valid Hutk","errorType":"INVALID_HUTK"}]}
[20-Nov-2025 05:28:45 UTC] V2 failed (400):  | 

  <!doctype html>
  <html>
    <head>
      <!-- FIELD_VALIDATION_ERROR -->
      <meta charset="utf-8">
      <link rel="shortcut icon" href="//static.hsappstatic.net/StyleGuideUI/static-3.60/img/sprocket/favicon.ico" type="image/x-icon">

      <title>Your submission wasn&#39;t valid</title>

      <style>
        html, body { height: 100% }
        body {
          padding: 0;
          margin: 0;
          color: #425b76;
          font-size: 0.875rem;
          line-height: 1.65rem;
          background: #f9fbfd;
          font-family: "Lexend Deca",Helvetica,Arial,sans-serif;
        }
        .outer-container {
          position: relative;
          height: 100%
        }
        .inner-container {
          position: absolute;
          top: 50%;
          left: 50%;
          transform: translate(-50%, -50%);
          max-width: 640px;
          margin: 0 auto;
          background: white;
          box-shadow: 0 1px 4px 0 rgba(0,0,0,0.1);
          border-radius: 0.1875rem;
          padding: 2rem;
        }
        h1, h3 {
          font-weight: 500;
          -webkit-font-smoothing: antialiased;
          -moz-osx-font-smoothing: grayscale;
          font-smoothing: antialiased;
          text-shadow: 0 0 1px transparent;
          line-height: normal;
        }
        h1 {
          font-size: 1.65rem;
          margin-bottom: 1.25rem;
          margin-top: 0;
          position: relative;
        }
        h1::after {
          background-color: #cbd6e2;
          bottom: -10px;
          left: 0;
          width: 100%;
          content: ' ';
          height: 1px;
          position: absolute;
        }
        h3 {
          font-size: 1.45rem;
          margin-bottom: 0.8rem;
          margin-top: 0;
          position: relative;
        }
        a {
          color: #00a4bd;
          text-decoration: none;
        }
        a:hover {
          text-decoration: underline;
        }
      </style>
    </head>
    <body>
      <div class="outer-container">
        <div class="inner-container">
    <h1>Sorry, this submission wasn't valid</h1>
    <ul>
            <li>Field email encountered BLOCKED_EMAIL error.</li>
    </ul>
    <p>Please fix the errors in your submission and retry</p>

        </div>
      </div>
    </body>
  </html>

[20-Nov-2025 07:57:04 UTC] Missing fields: firstname,lastname,email,phone,service,company
[21-Nov-2025 14:21:19 UTC] V3 failed (400):  | {"status":"error","message":"The request is not valid","correlationId":"c27613c8-9de9-4c25-9821-97d317b29f00","errors":[{"message":"Error in 'context.hutk'. '' is not a valid Hutk","errorType":"INVALID_HUTK"}]}
[21-Nov-2025 14:21:19 UTC] V2 failed (400):  | 

  <!doctype html>
  <html>
    <head>
      <!-- FIELD_VALIDATION_ERROR -->
      <meta charset="utf-8">
      <link rel="shortcut icon" href="//static.hsappstatic.net/StyleGuideUI/static-3.60/img/sprocket/favicon.ico" type="image/x-icon">

      <title>Your submission wasn&#39;t valid</title>

      <style>
        html, body { height: 100% }
        body {
          padding: 0;
          margin: 0;
          color: #425b76;
          font-size: 0.875rem;
          line-height: 1.65rem;
          background: #f9fbfd;
          font-family: "Lexend Deca",Helvetica,Arial,sans-serif;
        }
        .outer-container {
          position: relative;
          height: 100%
        }
        .inner-container {
          position: absolute;
          top: 50%;
          left: 50%;
          transform: translate(-50%, -50%);
          max-width: 640px;
          margin: 0 auto;
          background: white;
          box-shadow: 0 1px 4px 0 rgba(0,0,0,0.1);
          border-radius: 0.1875rem;
          padding: 2rem;
        }
        h1, h3 {
          font-weight: 500;
          -webkit-font-smoothing: antialiased;
          -moz-osx-font-smoothing: grayscale;
          font-smoothing: antialiased;
          text-shadow: 0 0 1px transparent;
          line-height: normal;
        }
        h1 {
          font-size: 1.65rem;
          margin-bottom: 1.25rem;
          margin-top: 0;
          position: relative;
        }
        h1::after {
          background-color: #cbd6e2;
          bottom: -10px;
          left: 0;
          width: 100%;
          content: ' ';
          height: 1px;
          position: absolute;
        }
        h3 {
          font-size: 1.45rem;
          margin-bottom: 0.8rem;
          margin-top: 0;
          position: relative;
        }
        a {
          color: #00a4bd;
          text-decoration: none;
        }
        a:hover {
          text-decoration: underline;
        }
      </style>
    </head>
    <body>
      <div class="outer-container">
        <div class="inner-container">
    <h1>Sorry, this submission wasn't valid</h1>
    <ul>
            <li>Field email encountered BLOCKED_EMAIL error.</li>
    </ul>
    <p>Please fix the errors in your submission and retry</p>

        </div>
      </div>
    </body>
  </html>

[22-Nov-2025 01:13:44 UTC] Missing fields: service
[23-Nov-2025 18:58:00 UTC] V3 failed (400):  | {"status":"error","message":"The request is not valid","correlationId":"7cb1da6e-d788-4f93-84d7-94908ccc4360","errors":[{"message":"Error in 'fields.email'. Submission from this email address are not allowed","errorType":"BLOCKED_EMAIL"}]}
[23-Nov-2025 18:58:00 UTC] V2 failed (400):  | 

  <!doctype html>
  <html>
    <head>
      <!-- FIELD_VALIDATION_ERROR -->
      <meta charset="utf-8">
      <link rel="shortcut icon" href="//static.hsappstatic.net/StyleGuideUI/static-3.60/img/sprocket/favicon.ico" type="image/x-icon">

      <title>Your submission wasn&#39;t valid</title>

      <style>
        html, body { height: 100% }
        body {
          padding: 0;
          margin: 0;
          color: #425b76;
          font-size: 0.875rem;
          line-height: 1.65rem;
          background: #f9fbfd;
          font-family: "Lexend Deca",Helvetica,Arial,sans-serif;
        }
        .outer-container {
          position: relative;
          height: 100%
        }
        .inner-container {
          position: absolute;
          top: 50%;
          left: 50%;
          transform: translate(-50%, -50%);
          max-width: 640px;
          margin: 0 auto;
          background: white;
          box-shadow: 0 1px 4px 0 rgba(0,0,0,0.1);
          border-radius: 0.1875rem;
          padding: 2rem;
        }
        h1, h3 {
          font-weight: 500;
          -webkit-font-smoothing: antialiased;
          -moz-osx-font-smoothing: grayscale;
          font-smoothing: antialiased;
          text-shadow: 0 0 1px transparent;
          line-height: normal;
        }
        h1 {
          font-size: 1.65rem;
          margin-bottom: 1.25rem;
          margin-top: 0;
          position: relative;
        }
        h1::after {
          background-color: #cbd6e2;
          bottom: -10px;
          left: 0;
          width: 100%;
          content: ' ';
          height: 1px;
          position: absolute;
        }
        h3 {
          font-size: 1.45rem;
          margin-bottom: 0.8rem;
          margin-top: 0;
          position: relative;
        }
        a {
          color: #00a4bd;
          text-decoration: none;
        }
        a:hover {
          text-decoration: underline;
        }
      </style>
    </head>
    <body>
      <div class="outer-container">
        <div class="inner-container">
    <h1>Sorry, this submission wasn't valid</h1>
    <ul>
            <li>Field email encountered BLOCKED_EMAIL error.</li>
    </ul>
    <p>Please fix the errors in your submission and retry</p>

        </div>
      </div>
    </body>
  </html>

[23-Nov-2025 20:07:14 UTC] V3 failed (400):  | {"status":"error","message":"The request is not valid","correlationId":"19755552-5490-4550-a07c-9d0ec7faf4f0","errors":[{"message":"Error in 'fields.email'. Submission from this email address are not allowed","errorType":"BLOCKED_EMAIL"}]}
[23-Nov-2025 20:07:14 UTC] V2 failed (400):  | 

  <!doctype html>
  <html>
    <head>
      <!-- FIELD_VALIDATION_ERROR -->
      <meta charset="utf-8">
      <link rel="shortcut icon" href="//static.hsappstatic.net/StyleGuideUI/static-3.60/img/sprocket/favicon.ico" type="image/x-icon">

      <title>Your submission wasn&#39;t valid</title>

      <style>
        html, body { height: 100% }
        body {
          padding: 0;
          margin: 0;
          color: #425b76;
          font-size: 0.875rem;
          line-height: 1.65rem;
          background: #f9fbfd;
          font-family: "Lexend Deca",Helvetica,Arial,sans-serif;
        }
        .outer-container {
          position: relative;
          height: 100%
        }
        .inner-container {
          position: absolute;
          top: 50%;
          left: 50%;
          transform: translate(-50%, -50%);
          max-width: 640px;
          margin: 0 auto;
          background: white;
          box-shadow: 0 1px 4px 0 rgba(0,0,0,0.1);
          border-radius: 0.1875rem;
          padding: 2rem;
        }
        h1, h3 {
          font-weight: 500;
          -webkit-font-smoothing: antialiased;
          -moz-osx-font-smoothing: grayscale;
          font-smoothing: antialiased;
          text-shadow: 0 0 1px transparent;
          line-height: normal;
        }
        h1 {
          font-size: 1.65rem;
          margin-bottom: 1.25rem;
          margin-top: 0;
          position: relative;
        }
        h1::after {
          background-color: #cbd6e2;
          bottom: -10px;
          left: 0;
          width: 100%;
          content: ' ';
          height: 1px;
          position: absolute;
        }
        h3 {
          font-size: 1.45rem;
          margin-bottom: 0.8rem;
          margin-top: 0;
          position: relative;
        }
        a {
          color: #00a4bd;
          text-decoration: none;
        }
        a:hover {
          text-decoration: underline;
        }
      </style>
    </head>
    <body>
      <div class="outer-container">
        <div class="inner-container">
    <h1>Sorry, this submission wasn't valid</h1>
    <ul>
            <li>Field email encountered BLOCKED_EMAIL error.</li>
    </ul>
    <p>Please fix the errors in your submission and retry</p>

        </div>
      </div>
    </body>
  </html>

[23-Nov-2025 22:26:42 UTC] V3 failed (400):  | {"status":"error","message":"The request is not valid","correlationId":"5502c16a-c2c7-4a1e-962c-53c8922a39fa","errors":[{"message":"Error in 'context.hutk'. '' is not a valid Hutk","errorType":"INVALID_HUTK"}]}
[23-Nov-2025 22:26:43 UTC] V2 failed (400):  | 

  <!doctype html>
  <html>
    <head>
      <!-- FIELD_VALIDATION_ERROR -->
      <meta charset="utf-8">
      <link rel="shortcut icon" href="//static.hsappstatic.net/StyleGuideUI/static-3.60/img/sprocket/favicon.ico" type="image/x-icon">

      <title>Your submission wasn&#39;t valid</title>

      <style>
        html, body { height: 100% }
        body {
          padding: 0;
          margin: 0;
          color: #425b76;
          font-size: 0.875rem;
          line-height: 1.65rem;
          background: #f9fbfd;
          font-family: "Lexend Deca",Helvetica,Arial,sans-serif;
        }
        .outer-container {
          position: relative;
          height: 100%
        }
        .inner-container {
          position: absolute;
          top: 50%;
          left: 50%;
          transform: translate(-50%, -50%);
          max-width: 640px;
          margin: 0 auto;
          background: white;
          box-shadow: 0 1px 4px 0 rgba(0,0,0,0.1);
          border-radius: 0.1875rem;
          padding: 2rem;
        }
        h1, h3 {
          font-weight: 500;
          -webkit-font-smoothing: antialiased;
          -moz-osx-font-smoothing: grayscale;
          font-smoothing: antialiased;
          text-shadow: 0 0 1px transparent;
          line-height: normal;
        }
        h1 {
          font-size: 1.65rem;
          margin-bottom: 1.25rem;
          margin-top: 0;
          position: relative;
        }
        h1::after {
          background-color: #cbd6e2;
          bottom: -10px;
          left: 0;
          width: 100%;
          content: ' ';
          height: 1px;
          position: absolute;
        }
        h3 {
          font-size: 1.45rem;
          margin-bottom: 0.8rem;
          margin-top: 0;
          position: relative;
        }
        a {
          color: #00a4bd;
          text-decoration: none;
        }
        a:hover {
          text-decoration: underline;
        }
      </style>
    </head>
    <body>
      <div class="outer-container">
        <div class="inner-container">
    <h1>Sorry, this submission wasn't valid</h1>
    <ul>
            <li>Field email encountered BLOCKED_EMAIL error.</li>
    </ul>
    <p>Please fix the errors in your submission and retry</p>

        </div>
      </div>
    </body>
  </html>

[24-Nov-2025 02:40:23 UTC] V3 failed (400):  | {"status":"error","message":"The request is not valid","correlationId":"368d21ea-e2af-4a3c-9812-4586187752e2","errors":[{"message":"Error in 'context.hutk'. '' is not a valid Hutk","errorType":"INVALID_HUTK"}]}
[25-Nov-2025 04:02:38 UTC] V3 failed (400):  | {"status":"error","message":"The request is not valid","correlationId":"08a475b5-3044-4a82-877f-953a8ccdb40c","errors":[{"message":"Error in 'context.hutk'. '' is not a valid Hutk","errorType":"INVALID_HUTK"}]}
[25-Nov-2025 04:02:38 UTC] V2 failed (400):  | 

  <!doctype html>
  <html>
    <head>
      <!-- FIELD_VALIDATION_ERROR -->
      <meta charset="utf-8">
      <link rel="shortcut icon" href="//static.hsappstatic.net/StyleGuideUI/static-3.60/img/sprocket/favicon.ico" type="image/x-icon">

      <title>Your submission wasn&#39;t valid</title>

      <style>
        html, body { height: 100% }
        body {
          padding: 0;
          margin: 0;
          color: #425b76;
          font-size: 0.875rem;
          line-height: 1.65rem;
          background: #f9fbfd;
          font-family: "Lexend Deca",Helvetica,Arial,sans-serif;
        }
        .outer-container {
          position: relative;
          height: 100%
        }
        .inner-container {
          position: absolute;
          top: 50%;
          left: 50%;
          transform: translate(-50%, -50%);
          max-width: 640px;
          margin: 0 auto;
          background: white;
          box-shadow: 0 1px 4px 0 rgba(0,0,0,0.1);
          border-radius: 0.1875rem;
          padding: 2rem;
        }
        h1, h3 {
          font-weight: 500;
          -webkit-font-smoothing: antialiased;
          -moz-osx-font-smoothing: grayscale;
          font-smoothing: antialiased;
          text-shadow: 0 0 1px transparent;
          line-height: normal;
        }
        h1 {
          font-size: 1.65rem;
          margin-bottom: 1.25rem;
          margin-top: 0;
          position: relative;
        }
        h1::after {
          background-color: #cbd6e2;
          bottom: -10px;
          left: 0;
          width: 100%;
          content: ' ';
          height: 1px;
          position: absolute;
        }
        h3 {
          font-size: 1.45rem;
          margin-bottom: 0.8rem;
          margin-top: 0;
          position: relative;
        }
        a {
          color: #00a4bd;
          text-decoration: none;
        }
        a:hover {
          text-decoration: underline;
        }
      </style>
    </head>
    <body>
      <div class="outer-container">
        <div class="inner-container">
    <h1>Sorry, this submission wasn't valid</h1>
    <ul>
            <li>Field email encountered BLOCKED_EMAIL error.</li>
    </ul>
    <p>Please fix the errors in your submission and retry</p>

        </div>
      </div>
    </body>
  </html>

[25-Nov-2025 22:23:05 UTC] Missing fields: service
[26-Nov-2025 09:53:59 UTC] V3 failed (400):  | {"status":"error","message":"The request is not valid","correlationId":"e4a89c10-2286-47dd-ad6b-3db3b337bb6d","errors":[{"message":"Error in 'context.hutk'. '' is not a valid Hutk","errorType":"INVALID_HUTK"}]}
[26-Nov-2025 09:53:59 UTC] V2 failed (400):  | 

  <!doctype html>
  <html>
    <head>
      <!-- FIELD_VALIDATION_ERROR -->
      <meta charset="utf-8">
      <link rel="shortcut icon" href="//static.hsappstatic.net/StyleGuideUI/static-3.60/img/sprocket/favicon.ico" type="image/x-icon">

      <title>Your submission wasn&#39;t valid</title>

      <style>
        html, body { height: 100% }
        body {
          padding: 0;
          margin: 0;
          color: #425b76;
          font-size: 0.875rem;
          line-height: 1.65rem;
          background: #f9fbfd;
          font-family: "Lexend Deca",Helvetica,Arial,sans-serif;
        }
        .outer-container {
          position: relative;
          height: 100%
        }
        .inner-container {
          position: absolute;
          top: 50%;
          left: 50%;
          transform: translate(-50%, -50%);
          max-width: 640px;
          margin: 0 auto;
          background: white;
          box-shadow: 0 1px 4px 0 rgba(0,0,0,0.1);
          border-radius: 0.1875rem;
          padding: 2rem;
        }
        h1, h3 {
          font-weight: 500;
          -webkit-font-smoothing: antialiased;
          -moz-osx-font-smoothing: grayscale;
          font-smoothing: antialiased;
          text-shadow: 0 0 1px transparent;
          line-height: normal;
        }
        h1 {
          font-size: 1.65rem;
          margin-bottom: 1.25rem;
          margin-top: 0;
          position: relative;
        }
        h1::after {
          background-color: #cbd6e2;
          bottom: -10px;
          left: 0;
          width: 100%;
          content: ' ';
          height: 1px;
          position: absolute;
        }
        h3 {
          font-size: 1.45rem;
          margin-bottom: 0.8rem;
          margin-top: 0;
          position: relative;
        }
        a {
          color: #00a4bd;
          text-decoration: none;
        }
        a:hover {
          text-decoration: underline;
        }
      </style>
    </head>
    <body>
      <div class="outer-container">
        <div class="inner-container">
    <h1>Sorry, this submission wasn't valid</h1>
    <ul>
            <li>Field email encountered BLOCKED_EMAIL error.</li>
    </ul>
    <p>Please fix the errors in your submission and retry</p>

        </div>
      </div>
    </body>
  </html>

[27-Nov-2025 06:05:12 UTC] V3 failed (400):  | {"status":"error","message":"The request is not valid","correlationId":"c6d1494b-2bb5-420f-860d-0ff191cf682f","errors":[{"message":"Error in 'context.hutk'. '' is not a valid Hutk","errorType":"INVALID_HUTK"}]}
[27-Nov-2025 06:05:12 UTC] V2 failed (400):  | 

  <!doctype html>
  <html>
    <head>
      <!-- FIELD_VALIDATION_ERROR -->
      <meta charset="utf-8">
      <link rel="shortcut icon" href="//static.hsappstatic.net/StyleGuideUI/static-3.60/img/sprocket/favicon.ico" type="image/x-icon">

      <title>Your submission wasn&#39;t valid</title>

      <style>
        html, body { height: 100% }
        body {
          padding: 0;
          margin: 0;
          color: #425b76;
          font-size: 0.875rem;
          line-height: 1.65rem;
          background: #f9fbfd;
          font-family: "Lexend Deca",Helvetica,Arial,sans-serif;
        }
        .outer-container {
          position: relative;
          height: 100%
        }
        .inner-container {
          position: absolute;
          top: 50%;
          left: 50%;
          transform: translate(-50%, -50%);
          max-width: 640px;
          margin: 0 auto;
          background: white;
          box-shadow: 0 1px 4px 0 rgba(0,0,0,0.1);
          border-radius: 0.1875rem;
          padding: 2rem;
        }
        h1, h3 {
          font-weight: 500;
          -webkit-font-smoothing: antialiased;
          -moz-osx-font-smoothing: grayscale;
          font-smoothing: antialiased;
          text-shadow: 0 0 1px transparent;
          line-height: normal;
        }
        h1 {
          font-size: 1.65rem;
          margin-bottom: 1.25rem;
          margin-top: 0;
          position: relative;
        }
        h1::after {
          background-color: #cbd6e2;
          bottom: -10px;
          left: 0;
          width: 100%;
          content: ' ';
          height: 1px;
          position: absolute;
        }
        h3 {
          font-size: 1.45rem;
          margin-bottom: 0.8rem;
          margin-top: 0;
          position: relative;
        }
        a {
          color: #00a4bd;
          text-decoration: none;
        }
        a:hover {
          text-decoration: underline;
        }
      </style>
    </head>
    <body>
      <div class="outer-container">
        <div class="inner-container">
    <h1>Sorry, this submission wasn't valid</h1>
    <ul>
            <li>Field email encountered BLOCKED_EMAIL error.</li>
    </ul>
    <p>Please fix the errors in your submission and retry</p>

        </div>
      </div>
    </body>
  </html>

[27-Nov-2025 08:09:45 UTC] V3 failed (400):  | {"status":"error","message":"The request is not valid","correlationId":"34bd3163-5dd2-4366-9e3f-ab14588d65e9","errors":[{"message":"Error in 'context.hutk'. '' is not a valid Hutk","errorType":"INVALID_HUTK"}]}
[27-Nov-2025 08:09:46 UTC] V2 failed (400):  | 

  <!doctype html>
  <html>
    <head>
      <!-- FIELD_VALIDATION_ERROR -->
      <meta charset="utf-8">
      <link rel="shortcut icon" href="//static.hsappstatic.net/StyleGuideUI/static-3.60/img/sprocket/favicon.ico" type="image/x-icon">

      <title>Your submission wasn&#39;t valid</title>

      <style>
        html, body { height: 100% }
        body {
          padding: 0;
          margin: 0;
          color: #425b76;
          font-size: 0.875rem;
          line-height: 1.65rem;
          background: #f9fbfd;
          font-family: "Lexend Deca",Helvetica,Arial,sans-serif;
        }
        .outer-container {
          position: relative;
          height: 100%
        }
        .inner-container {
          position: absolute;
          top: 50%;
          left: 50%;
          transform: translate(-50%, -50%);
          max-width: 640px;
          margin: 0 auto;
          background: white;
          box-shadow: 0 1px 4px 0 rgba(0,0,0,0.1);
          border-radius: 0.1875rem;
          padding: 2rem;
        }
        h1, h3 {
          font-weight: 500;
          -webkit-font-smoothing: antialiased;
          -moz-osx-font-smoothing: grayscale;
          font-smoothing: antialiased;
          text-shadow: 0 0 1px transparent;
          line-height: normal;
        }
        h1 {
          font-size: 1.65rem;
          margin-bottom: 1.25rem;
          margin-top: 0;
          position: relative;
        }
        h1::after {
          background-color: #cbd6e2;
          bottom: -10px;
          left: 0;
          width: 100%;
          content: ' ';
          height: 1px;
          position: absolute;
        }
        h3 {
          font-size: 1.45rem;
          margin-bottom: 0.8rem;
          margin-top: 0;
          position: relative;
        }
        a {
          color: #00a4bd;
          text-decoration: none;
        }
        a:hover {
          text-decoration: underline;
        }
      </style>
    </head>
    <body>
      <div class="outer-container">
        <div class="inner-container">
    <h1>Sorry, this submission wasn't valid</h1>
    <ul>
            <li>Field email encountered BLOCKED_EMAIL error.</li>
    </ul>
    <p>Please fix the errors in your submission and retry</p>

        </div>
      </div>
    </body>
  </html>

[27-Nov-2025 09:19:11 UTC] V3 failed (400):  | {"status":"error","message":"The request is not valid","correlationId":"ea2e785e-b1af-4297-ba0e-f8e51e947830","errors":[{"message":"Error in 'context.hutk'. '' is not a valid Hutk","errorType":"INVALID_HUTK"}]}
[27-Nov-2025 11:19:23 UTC] V3 failed (400):  | {"status":"error","message":"The request is not valid","correlationId":"dcc39a86-3d68-4767-a03f-470237b1a894","errors":[{"message":"Error in 'context.hutk'. '' is not a valid Hutk","errorType":"INVALID_HUTK"}]}
[27-Nov-2025 11:19:24 UTC] V2 failed (400):  | 

  <!doctype html>
  <html>
    <head>
      <!-- FIELD_VALIDATION_ERROR -->
      <meta charset="utf-8">
      <link rel="shortcut icon" href="//static.hsappstatic.net/StyleGuideUI/static-3.60/img/sprocket/favicon.ico" type="image/x-icon">

      <title>Your submission wasn&#39;t valid</title>

      <style>
        html, body { height: 100% }
        body {
          padding: 0;
          margin: 0;
          color: #425b76;
          font-size: 0.875rem;
          line-height: 1.65rem;
          background: #f9fbfd;
          font-family: "Lexend Deca",Helvetica,Arial,sans-serif;
        }
        .outer-container {
          position: relative;
          height: 100%
        }
        .inner-container {
          position: absolute;
          top: 50%;
          left: 50%;
          transform: translate(-50%, -50%);
          max-width: 640px;
          margin: 0 auto;
          background: white;
          box-shadow: 0 1px 4px 0 rgba(0,0,0,0.1);
          border-radius: 0.1875rem;
          padding: 2rem;
        }
        h1, h3 {
          font-weight: 500;
          -webkit-font-smoothing: antialiased;
          -moz-osx-font-smoothing: grayscale;
          font-smoothing: antialiased;
          text-shadow: 0 0 1px transparent;
          line-height: normal;
        }
        h1 {
          font-size: 1.65rem;
          margin-bottom: 1.25rem;
          margin-top: 0;
          position: relative;
        }
        h1::after {
          background-color: #cbd6e2;
          bottom: -10px;
          left: 0;
          width: 100%;
          content: ' ';
          height: 1px;
          position: absolute;
        }
        h3 {
          font-size: 1.45rem;
          margin-bottom: 0.8rem;
          margin-top: 0;
          position: relative;
        }
        a {
          color: #00a4bd;
          text-decoration: none;
        }
        a:hover {
          text-decoration: underline;
        }
      </style>
    </head>
    <body>
      <div class="outer-container">
        <div class="inner-container">
    <h1>Sorry, this submission wasn't valid</h1>
    <ul>
            <li>Field email encountered BLOCKED_EMAIL error.</li>
    </ul>
    <p>Please fix the errors in your submission and retry</p>

        </div>
      </div>
    </body>
  </html>

[27-Nov-2025 16:28:24 UTC] V3 failed (400):  | {"status":"error","message":"The request is not valid","correlationId":"133d778f-1c47-4a9a-bdf8-bdbdd82965c8","errors":[{"message":"Error in 'context.hutk'. '' is not a valid Hutk","errorType":"INVALID_HUTK"}]}
[27-Nov-2025 16:28:25 UTC] V2 failed (400):  | 

  <!doctype html>
  <html>
    <head>
      <!-- FIELD_VALIDATION_ERROR -->
      <meta charset="utf-8">
      <link rel="shortcut icon" href="//static.hsappstatic.net/StyleGuideUI/static-3.60/img/sprocket/favicon.ico" type="image/x-icon">

      <title>Your submission wasn&#39;t valid</title>

      <style>
        html, body { height: 100% }
        body {
          padding: 0;
          margin: 0;
          color: #425b76;
          font-size: 0.875rem;
          line-height: 1.65rem;
          background: #f9fbfd;
          font-family: "Lexend Deca",Helvetica,Arial,sans-serif;
        }
        .outer-container {
          position: relative;
          height: 100%
        }
        .inner-container {
          position: absolute;
          top: 50%;
          left: 50%;
          transform: translate(-50%, -50%);
          max-width: 640px;
          margin: 0 auto;
          background: white;
          box-shadow: 0 1px 4px 0 rgba(0,0,0,0.1);
          border-radius: 0.1875rem;
          padding: 2rem;
        }
        h1, h3 {
          font-weight: 500;
          -webkit-font-smoothing: antialiased;
          -moz-osx-font-smoothing: grayscale;
          font-smoothing: antialiased;
          text-shadow: 0 0 1px transparent;
          line-height: normal;
        }
        h1 {
          font-size: 1.65rem;
          margin-bottom: 1.25rem;
          margin-top: 0;
          position: relative;
        }
        h1::after {
          background-color: #cbd6e2;
          bottom: -10px;
          left: 0;
          width: 100%;
          content: ' ';
          height: 1px;
          position: absolute;
        }
        h3 {
          font-size: 1.45rem;
          margin-bottom: 0.8rem;
          margin-top: 0;
          position: relative;
        }
        a {
          color: #00a4bd;
          text-decoration: none;
        }
        a:hover {
          text-decoration: underline;
        }
      </style>
    </head>
    <body>
      <div class="outer-container">
        <div class="inner-container">
    <h1>Sorry, this submission wasn't valid</h1>
    <ul>
            <li>Field email encountered BLOCKED_EMAIL error.</li>
    </ul>
    <p>Please fix the errors in your submission and retry</p>

        </div>
      </div>
    </body>
  </html>

[27-Nov-2025 17:28:18 UTC] Missing fields: service
[28-Nov-2025 09:56:21 UTC] V3 failed (400):  | {"status":"error","message":"The request is not valid","correlationId":"f8903fd4-c56a-43e0-88be-b704fc10e43a","errors":[{"message":"Error in 'context.hutk'. '' is not a valid Hutk","errorType":"INVALID_HUTK"}]}
[28-Nov-2025 09:56:21 UTC] V2 failed (400):  | 

  <!doctype html>
  <html>
    <head>
      <!-- FIELD_VALIDATION_ERROR -->
      <meta charset="utf-8">
      <link rel="shortcut icon" href="//static.hsappstatic.net/StyleGuideUI/static-3.60/img/sprocket/favicon.ico" type="image/x-icon">

      <title>Your submission wasn&#39;t valid</title>

      <style>
        html, body { height: 100% }
        body {
          padding: 0;
          margin: 0;
          color: #425b76;
          font-size: 0.875rem;
          line-height: 1.65rem;
          background: #f9fbfd;
          font-family: "Lexend Deca",Helvetica,Arial,sans-serif;
        }
        .outer-container {
          position: relative;
          height: 100%
        }
        .inner-container {
          position: absolute;
          top: 50%;
          left: 50%;
          transform: translate(-50%, -50%);
          max-width: 640px;
          margin: 0 auto;
          background: white;
          box-shadow: 0 1px 4px 0 rgba(0,0,0,0.1);
          border-radius: 0.1875rem;
          padding: 2rem;
        }
        h1, h3 {
          font-weight: 500;
          -webkit-font-smoothing: antialiased;
          -moz-osx-font-smoothing: grayscale;
          font-smoothing: antialiased;
          text-shadow: 0 0 1px transparent;
          line-height: normal;
        }
        h1 {
          font-size: 1.65rem;
          margin-bottom: 1.25rem;
          margin-top: 0;
          position: relative;
        }
        h1::after {
          background-color: #cbd6e2;
          bottom: -10px;
          left: 0;
          width: 100%;
          content: ' ';
          height: 1px;
          position: absolute;
        }
        h3 {
          font-size: 1.45rem;
          margin-bottom: 0.8rem;
          margin-top: 0;
          position: relative;
        }
        a {
          color: #00a4bd;
          text-decoration: none;
        }
        a:hover {
          text-decoration: underline;
        }
      </style>
    </head>
    <body>
      <div class="outer-container">
        <div class="inner-container">
    <h1>Sorry, this submission wasn't valid</h1>
    <ul>
            <li>Field email encountered BLOCKED_EMAIL error.</li>
    </ul>
    <p>Please fix the errors in your submission and retry</p>

        </div>
      </div>
    </body>
  </html>

[28-Nov-2025 14:11:24 UTC] V3 failed (400):  | {"status":"error","message":"The request is not valid","correlationId":"cb7e4a8c-e3ee-4046-9f1a-643fffede546","errors":[{"message":"Error in 'context.hutk'. '' is not a valid Hutk","errorType":"INVALID_HUTK"}]}
[28-Nov-2025 14:11:24 UTC] V2 failed (400):  | 

  <!doctype html>
  <html>
    <head>
      <!-- FIELD_VALIDATION_ERROR -->
      <meta charset="utf-8">
      <link rel="shortcut icon" href="//static.hsappstatic.net/StyleGuideUI/static-3.60/img/sprocket/favicon.ico" type="image/x-icon">

      <title>Your submission wasn&#39;t valid</title>

      <style>
        html, body { height: 100% }
        body {
          padding: 0;
          margin: 0;
          color: #425b76;
          font-size: 0.875rem;
          line-height: 1.65rem;
          background: #f9fbfd;
          font-family: "Lexend Deca",Helvetica,Arial,sans-serif;
        }
        .outer-container {
          position: relative;
          height: 100%
        }
        .inner-container {
          position: absolute;
          top: 50%;
          left: 50%;
          transform: translate(-50%, -50%);
          max-width: 640px;
          margin: 0 auto;
          background: white;
          box-shadow: 0 1px 4px 0 rgba(0,0,0,0.1);
          border-radius: 0.1875rem;
          padding: 2rem;
        }
        h1, h3 {
          font-weight: 500;
          -webkit-font-smoothing: antialiased;
          -moz-osx-font-smoothing: grayscale;
          font-smoothing: antialiased;
          text-shadow: 0 0 1px transparent;
          line-height: normal;
        }
        h1 {
          font-size: 1.65rem;
          margin-bottom: 1.25rem;
          margin-top: 0;
          position: relative;
        }
        h1::after {
          background-color: #cbd6e2;
          bottom: -10px;
          left: 0;
          width: 100%;
          content: ' ';
          height: 1px;
          position: absolute;
        }
        h3 {
          font-size: 1.45rem;
          margin-bottom: 0.8rem;
          margin-top: 0;
          position: relative;
        }
        a {
          color: #00a4bd;
          text-decoration: none;
        }
        a:hover {
          text-decoration: underline;
        }
      </style>
    </head>
    <body>
      <div class="outer-container">
        <div class="inner-container">
    <h1>Sorry, this submission wasn't valid</h1>
    <ul>
            <li>Field email encountered BLOCKED_EMAIL error.</li>
    </ul>
    <p>Please fix the errors in your submission and retry</p>

        </div>
      </div>
    </body>
  </html>

[29-Nov-2025 04:45:40 UTC] V3 failed (400):  | {"status":"error","message":"The request is not valid","correlationId":"323efc31-2f0a-44ce-af3d-556844162043","errors":[{"message":"Error in 'context.hutk'. '' is not a valid Hutk","errorType":"INVALID_HUTK"}]}
[29-Nov-2025 04:45:40 UTC] V2 failed (400):  | 

  <!doctype html>
  <html>
    <head>
      <!-- FIELD_VALIDATION_ERROR -->
      <meta charset="utf-8">
      <link rel="shortcut icon" href="//static.hsappstatic.net/StyleGuideUI/static-3.60/img/sprocket/favicon.ico" type="image/x-icon">

      <title>Your submission wasn&#39;t valid</title>

      <style>
        html, body { height: 100% }
        body {
          padding: 0;
          margin: 0;
          color: #425b76;
          font-size: 0.875rem;
          line-height: 1.65rem;
          background: #f9fbfd;
          font-family: "Lexend Deca",Helvetica,Arial,sans-serif;
        }
        .outer-container {
          position: relative;
          height: 100%
        }
        .inner-container {
          position: absolute;
          top: 50%;
          left: 50%;
          transform: translate(-50%, -50%);
          max-width: 640px;
          margin: 0 auto;
          background: white;
          box-shadow: 0 1px 4px 0 rgba(0,0,0,0.1);
          border-radius: 0.1875rem;
          padding: 2rem;
        }
        h1, h3 {
          font-weight: 500;
          -webkit-font-smoothing: antialiased;
          -moz-osx-font-smoothing: grayscale;
          font-smoothing: antialiased;
          text-shadow: 0 0 1px transparent;
          line-height: normal;
        }
        h1 {
          font-size: 1.65rem;
          margin-bottom: 1.25rem;
          margin-top: 0;
          position: relative;
        }
        h1::after {
          background-color: #cbd6e2;
          bottom: -10px;
          left: 0;
          width: 100%;
          content: ' ';
          height: 1px;
          position: absolute;
        }
        h3 {
          font-size: 1.45rem;
          margin-bottom: 0.8rem;
          margin-top: 0;
          position: relative;
        }
        a {
          color: #00a4bd;
          text-decoration: none;
        }
        a:hover {
          text-decoration: underline;
        }
      </style>
    </head>
    <body>
      <div class="outer-container">
        <div class="inner-container">
    <h1>Sorry, this submission wasn't valid</h1>
    <ul>
            <li>Field email encountered BLOCKED_EMAIL error.</li>
    </ul>
    <p>Please fix the errors in your submission and retry</p>

        </div>
      </div>
    </body>
  </html>

[29-Nov-2025 07:44:20 UTC] V3 failed (400):  | {"status":"error","message":"The request is not valid","correlationId":"3bf685d0-ec8c-47e6-acd6-6e5b31522303","errors":[{"message":"Error in 'context.hutk'. '' is not a valid Hutk","errorType":"INVALID_HUTK"}]}
[29-Nov-2025 07:44:20 UTC] V2 failed (400):  | 

  <!doctype html>
  <html>
    <head>
      <!-- FIELD_VALIDATION_ERROR -->
      <meta charset="utf-8">
      <link rel="shortcut icon" href="//static.hsappstatic.net/StyleGuideUI/static-3.60/img/sprocket/favicon.ico" type="image/x-icon">

      <title>Your submission wasn&#39;t valid</title>

      <style>
        html, body { height: 100% }
        body {
          padding: 0;
          margin: 0;
          color: #425b76;
          font-size: 0.875rem;
          line-height: 1.65rem;
          background: #f9fbfd;
          font-family: "Lexend Deca",Helvetica,Arial,sans-serif;
        }
        .outer-container {
          position: relative;
          height: 100%
        }
        .inner-container {
          position: absolute;
          top: 50%;
          left: 50%;
          transform: translate(-50%, -50%);
          max-width: 640px;
          margin: 0 auto;
          background: white;
          box-shadow: 0 1px 4px 0 rgba(0,0,0,0.1);
          border-radius: 0.1875rem;
          padding: 2rem;
        }
        h1, h3 {
          font-weight: 500;
          -webkit-font-smoothing: antialiased;
          -moz-osx-font-smoothing: grayscale;
          font-smoothing: antialiased;
          text-shadow: 0 0 1px transparent;
          line-height: normal;
        }
        h1 {
          font-size: 1.65rem;
          margin-bottom: 1.25rem;
          margin-top: 0;
          position: relative;
        }
        h1::after {
          background-color: #cbd6e2;
          bottom: -10px;
          left: 0;
          width: 100%;
          content: ' ';
          height: 1px;
          position: absolute;
        }
        h3 {
          font-size: 1.45rem;
          margin-bottom: 0.8rem;
          margin-top: 0;
          position: relative;
        }
        a {
          color: #00a4bd;
          text-decoration: none;
        }
        a:hover {
          text-decoration: underline;
        }
      </style>
    </head>
    <body>
      <div class="outer-container">
        <div class="inner-container">
    <h1>Sorry, this submission wasn't valid</h1>
    <ul>
            <li>Field email encountered BLOCKED_EMAIL error.</li>
    </ul>
    <p>Please fix the errors in your submission and retry</p>

        </div>
      </div>
    </body>
  </html>

[29-Nov-2025 12:22:20 UTC] V3 failed (400):  | {"status":"error","message":"The request is not valid","correlationId":"4da09d6e-dfa3-4d91-a3d1-d2f7c12d79bd","errors":[{"message":"Error in 'context.hutk'. '' is not a valid Hutk","errorType":"INVALID_HUTK"}]}
[29-Nov-2025 12:22:20 UTC] V2 failed (400):  | 

  <!doctype html>
  <html>
    <head>
      <!-- FIELD_VALIDATION_ERROR -->
      <meta charset="utf-8">
      <link rel="shortcut icon" href="//static.hsappstatic.net/StyleGuideUI/static-3.60/img/sprocket/favicon.ico" type="image/x-icon">

      <title>Your submission wasn&#39;t valid</title>

      <style>
        html, body { height: 100% }
        body {
          padding: 0;
          margin: 0;
          color: #425b76;
          font-size: 0.875rem;
          line-height: 1.65rem;
          background: #f9fbfd;
          font-family: "Lexend Deca",Helvetica,Arial,sans-serif;
        }
        .outer-container {
          position: relative;
          height: 100%
        }
        .inner-container {
          position: absolute;
          top: 50%;
          left: 50%;
          transform: translate(-50%, -50%);
          max-width: 640px;
          margin: 0 auto;
          background: white;
          box-shadow: 0 1px 4px 0 rgba(0,0,0,0.1);
          border-radius: 0.1875rem;
          padding: 2rem;
        }
        h1, h3 {
          font-weight: 500;
          -webkit-font-smoothing: antialiased;
          -moz-osx-font-smoothing: grayscale;
          font-smoothing: antialiased;
          text-shadow: 0 0 1px transparent;
          line-height: normal;
        }
        h1 {
          font-size: 1.65rem;
          margin-bottom: 1.25rem;
          margin-top: 0;
          position: relative;
        }
        h1::after {
          background-color: #cbd6e2;
          bottom: -10px;
          left: 0;
          width: 100%;
          content: ' ';
          height: 1px;
          position: absolute;
        }
        h3 {
          font-size: 1.45rem;
          margin-bottom: 0.8rem;
          margin-top: 0;
          position: relative;
        }
        a {
          color: #00a4bd;
          text-decoration: none;
        }
        a:hover {
          text-decoration: underline;
        }
      </style>
    </head>
    <body>
      <div class="outer-container">
        <div class="inner-container">
    <h1>Sorry, this submission wasn't valid</h1>
    <ul>
            <li>Field email encountered BLOCKED_EMAIL error.</li>
    </ul>
    <p>Please fix the errors in your submission and retry</p>

        </div>
      </div>
    </body>
  </html>

[29-Nov-2025 20:24:58 UTC] V3 failed (400):  | {"status":"error","message":"The request is not valid","correlationId":"f362f47b-b1b9-4a73-98d3-09cc7497fb82","errors":[{"message":"Error in 'context.hutk'. '' is not a valid Hutk","errorType":"INVALID_HUTK"}]}
[29-Nov-2025 20:24:58 UTC] V2 failed (400):  | 

  <!doctype html>
  <html>
    <head>
      <!-- FIELD_VALIDATION_ERROR -->
      <meta charset="utf-8">
      <link rel="shortcut icon" href="//static.hsappstatic.net/StyleGuideUI/static-3.60/img/sprocket/favicon.ico" type="image/x-icon">

      <title>Your submission wasn&#39;t valid</title>

      <style>
        html, body { height: 100% }
        body {
          padding: 0;
          margin: 0;
          color: #425b76;
          font-size: 0.875rem;
          line-height: 1.65rem;
          background: #f9fbfd;
          font-family: "Lexend Deca",Helvetica,Arial,sans-serif;
        }
        .outer-container {
          position: relative;
          height: 100%
        }
        .inner-container {
          position: absolute;
          top: 50%;
          left: 50%;
          transform: translate(-50%, -50%);
          max-width: 640px;
          margin: 0 auto;
          background: white;
          box-shadow: 0 1px 4px 0 rgba(0,0,0,0.1);
          border-radius: 0.1875rem;
          padding: 2rem;
        }
        h1, h3 {
          font-weight: 500;
          -webkit-font-smoothing: antialiased;
          -moz-osx-font-smoothing: grayscale;
          font-smoothing: antialiased;
          text-shadow: 0 0 1px transparent;
          line-height: normal;
        }
        h1 {
          font-size: 1.65rem;
          margin-bottom: 1.25rem;
          margin-top: 0;
          position: relative;
        }
        h1::after {
          background-color: #cbd6e2;
          bottom: -10px;
          left: 0;
          width: 100%;
          content: ' ';
          height: 1px;
          position: absolute;
        }
        h3 {
          font-size: 1.45rem;
          margin-bottom: 0.8rem;
          margin-top: 0;
          position: relative;
        }
        a {
          color: #00a4bd;
          text-decoration: none;
        }
        a:hover {
          text-decoration: underline;
        }
      </style>
    </head>
    <body>
      <div class="outer-container">
        <div class="inner-container">
    <h1>Sorry, this submission wasn't valid</h1>
    <ul>
            <li>Field email encountered BLOCKED_EMAIL error.</li>
    </ul>
    <p>Please fix the errors in your submission and retry</p>

        </div>
      </div>
    </body>
  </html>

[01-Dec-2025 02:54:03 UTC] V3 failed (400):  | {"status":"error","message":"The request is not valid","correlationId":"c5e7109a-6617-460e-9259-31f815b70b17","errors":[{"message":"Error in 'context.hutk'. '' is not a valid Hutk","errorType":"INVALID_HUTK"}]}
[01-Dec-2025 02:54:03 UTC] V2 failed (400):  | 

  <!doctype html>
  <html>
    <head>
      <!-- FIELD_VALIDATION_ERROR -->
      <meta charset="utf-8">
      <link rel="shortcut icon" href="//static.hsappstatic.net/StyleGuideUI/static-3.60/img/sprocket/favicon.ico" type="image/x-icon">

      <title>Your submission wasn&#39;t valid</title>

      <style>
        html, body { height: 100% }
        body {
          padding: 0;
          margin: 0;
          color: #425b76;
          font-size: 0.875rem;
          line-height: 1.65rem;
          background: #f9fbfd;
          font-family: "Lexend Deca",Helvetica,Arial,sans-serif;
        }
        .outer-container {
          position: relative;
          height: 100%
        }
        .inner-container {
          position: absolute;
          top: 50%;
          left: 50%;
          transform: translate(-50%, -50%);
          max-width: 640px;
          margin: 0 auto;
          background: white;
          box-shadow: 0 1px 4px 0 rgba(0,0,0,0.1);
          border-radius: 0.1875rem;
          padding: 2rem;
        }
        h1, h3 {
          font-weight: 500;
          -webkit-font-smoothing: antialiased;
          -moz-osx-font-smoothing: grayscale;
          font-smoothing: antialiased;
          text-shadow: 0 0 1px transparent;
          line-height: normal;
        }
        h1 {
          font-size: 1.65rem;
          margin-bottom: 1.25rem;
          margin-top: 0;
          position: relative;
        }
        h1::after {
          background-color: #cbd6e2;
          bottom: -10px;
          left: 0;
          width: 100%;
          content: ' ';
          height: 1px;
          position: absolute;
        }
        h3 {
          font-size: 1.45rem;
          margin-bottom: 0.8rem;
          margin-top: 0;
          position: relative;
        }
        a {
          color: #00a4bd;
          text-decoration: none;
        }
        a:hover {
          text-decoration: underline;
        }
      </style>
    </head>
    <body>
      <div class="outer-container">
        <div class="inner-container">
    <h1>Sorry, this submission wasn't valid</h1>
    <ul>
            <li>Field email encountered BLOCKED_EMAIL error.</li>
    </ul>
    <p>Please fix the errors in your submission and retry</p>

        </div>
      </div>
    </body>
  </html>

[01-Dec-2025 09:59:58 UTC] V3 failed (400):  | {"status":"error","message":"The request is not valid","correlationId":"3663e8ba-defb-41ac-a5e0-2962582cb649","errors":[{"message":"Error in 'context.hutk'. '' is not a valid Hutk","errorType":"INVALID_HUTK"}]}
[01-Dec-2025 12:41:21 UTC] V3 failed (400):  | {"status":"error","message":"The request is not valid","correlationId":"a4ece8f7-742f-4a00-a545-92925069a04a","errors":[{"message":"Error in 'context.hutk'. '' is not a valid Hutk","errorType":"INVALID_HUTK"}]}
[01-Dec-2025 12:41:21 UTC] V2 failed (400):  | 

  <!doctype html>
  <html>
    <head>
      <!-- FIELD_VALIDATION_ERROR -->
      <meta charset="utf-8">
      <link rel="shortcut icon" href="//static.hsappstatic.net/StyleGuideUI/static-3.60/img/sprocket/favicon.ico" type="image/x-icon">

      <title>Your submission wasn&#39;t valid</title>

      <style>
        html, body { height: 100% }
        body {
          padding: 0;
          margin: 0;
          color: #425b76;
          font-size: 0.875rem;
          line-height: 1.65rem;
          background: #f9fbfd;
          font-family: "Lexend Deca",Helvetica,Arial,sans-serif;
        }
        .outer-container {
          position: relative;
          height: 100%
        }
        .inner-container {
          position: absolute;
          top: 50%;
          left: 50%;
          transform: translate(-50%, -50%);
          max-width: 640px;
          margin: 0 auto;
          background: white;
          box-shadow: 0 1px 4px 0 rgba(0,0,0,0.1);
          border-radius: 0.1875rem;
          padding: 2rem;
        }
        h1, h3 {
          font-weight: 500;
          -webkit-font-smoothing: antialiased;
          -moz-osx-font-smoothing: grayscale;
          font-smoothing: antialiased;
          text-shadow: 0 0 1px transparent;
          line-height: normal;
        }
        h1 {
          font-size: 1.65rem;
          margin-bottom: 1.25rem;
          margin-top: 0;
          position: relative;
        }
        h1::after {
          background-color: #cbd6e2;
          bottom: -10px;
          left: 0;
          width: 100%;
          content: ' ';
          height: 1px;
          position: absolute;
        }
        h3 {
          font-size: 1.45rem;
          margin-bottom: 0.8rem;
          margin-top: 0;
          position: relative;
        }
        a {
          color: #00a4bd;
          text-decoration: none;
        }
        a:hover {
          text-decoration: underline;
        }
      </style>
    </head>
    <body>
      <div class="outer-container">
        <div class="inner-container">
    <h1>Sorry, this submission wasn't valid</h1>
    <ul>
            <li>Field email encountered BLOCKED_EMAIL error.</li>
    </ul>
    <p>Please fix the errors in your submission and retry</p>

        </div>
      </div>
    </body>
  </html>

[01-Dec-2025 17:35:29 UTC] Missing fields: service
[01-Dec-2025 21:49:32 UTC] V3 failed (400):  | {"status":"error","message":"The request is not valid","correlationId":"a60498af-f903-4ecd-b706-c7666423ecc6","errors":[{"message":"Error in 'context.hutk'. '' is not a valid Hutk","errorType":"INVALID_HUTK"}]}
[01-Dec-2025 21:49:32 UTC] V2 failed (400):  | 

  <!doctype html>
  <html>
    <head>
      <!-- FIELD_VALIDATION_ERROR -->
      <meta charset="utf-8">
      <link rel="shortcut icon" href="//static.hsappstatic.net/StyleGuideUI/static-3.60/img/sprocket/favicon.ico" type="image/x-icon">

      <title>Your submission wasn&#39;t valid</title>

      <style>
        html, body { height: 100% }
        body {
          padding: 0;
          margin: 0;
          color: #425b76;
          font-size: 0.875rem;
          line-height: 1.65rem;
          background: #f9fbfd;
          font-family: "Lexend Deca",Helvetica,Arial,sans-serif;
        }
        .outer-container {
          position: relative;
          height: 100%
        }
        .inner-container {
          position: absolute;
          top: 50%;
          left: 50%;
          transform: translate(-50%, -50%);
          max-width: 640px;
          margin: 0 auto;
          background: white;
          box-shadow: 0 1px 4px 0 rgba(0,0,0,0.1);
          border-radius: 0.1875rem;
          padding: 2rem;
        }
        h1, h3 {
          font-weight: 500;
          -webkit-font-smoothing: antialiased;
          -moz-osx-font-smoothing: grayscale;
          font-smoothing: antialiased;
          text-shadow: 0 0 1px transparent;
          line-height: normal;
        }
        h1 {
          font-size: 1.65rem;
          margin-bottom: 1.25rem;
          margin-top: 0;
          position: relative;
        }
        h1::after {
          background-color: #cbd6e2;
          bottom: -10px;
          left: 0;
          width: 100%;
          content: ' ';
          height: 1px;
          position: absolute;
        }
        h3 {
          font-size: 1.45rem;
          margin-bottom: 0.8rem;
          margin-top: 0;
          position: relative;
        }
        a {
          color: #00a4bd;
          text-decoration: none;
        }
        a:hover {
          text-decoration: underline;
        }
      </style>
    </head>
    <body>
      <div class="outer-container">
        <div class="inner-container">
    <h1>Sorry, this submission wasn't valid</h1>
    <ul>
            <li>Field email encountered BLOCKED_EMAIL error.</li>
    </ul>
    <p>Please fix the errors in your submission and retry</p>

        </div>
      </div>
    </body>
  </html>

[02-Dec-2025 12:53:30 UTC] Missing fields: firstname,lastname,email,phone,service,company
[02-Dec-2025 19:31:16 UTC] V3 failed (400):  | {"status":"error","message":"The request is not valid","correlationId":"9fde2f6b-38e6-4015-b86b-c1b888d8639d","errors":[{"message":"Error in 'context.hutk'. '' is not a valid Hutk","errorType":"INVALID_HUTK"}]}
[02-Dec-2025 19:31:16 UTC] V2 failed (400):  | 

  <!doctype html>
  <html>
    <head>
      <!-- FIELD_VALIDATION_ERROR -->
      <meta charset="utf-8">
      <link rel="shortcut icon" href="//static.hsappstatic.net/StyleGuideUI/static-3.60/img/sprocket/favicon.ico" type="image/x-icon">

      <title>Your submission wasn&#39;t valid</title>

      <style>
        html, body { height: 100% }
        body {
          padding: 0;
          margin: 0;
          color: #425b76;
          font-size: 0.875rem;
          line-height: 1.65rem;
          background: #f9fbfd;
          font-family: "Lexend Deca",Helvetica,Arial,sans-serif;
        }
        .outer-container {
          position: relative;
          height: 100%
        }
        .inner-container {
          position: absolute;
          top: 50%;
          left: 50%;
          transform: translate(-50%, -50%);
          max-width: 640px;
          margin: 0 auto;
          background: white;
          box-shadow: 0 1px 4px 0 rgba(0,0,0,0.1);
          border-radius: 0.1875rem;
          padding: 2rem;
        }
        h1, h3 {
          font-weight: 500;
          -webkit-font-smoothing: antialiased;
          -moz-osx-font-smoothing: grayscale;
          font-smoothing: antialiased;
          text-shadow: 0 0 1px transparent;
          line-height: normal;
        }
        h1 {
          font-size: 1.65rem;
          margin-bottom: 1.25rem;
          margin-top: 0;
          position: relative;
        }
        h1::after {
          background-color: #cbd6e2;
          bottom: -10px;
          left: 0;
          width: 100%;
          content: ' ';
          height: 1px;
          position: absolute;
        }
        h3 {
          font-size: 1.45rem;
          margin-bottom: 0.8rem;
          margin-top: 0;
          position: relative;
        }
        a {
          color: #00a4bd;
          text-decoration: none;
        }
        a:hover {
          text-decoration: underline;
        }
      </style>
    </head>
    <body>
      <div class="outer-container">
        <div class="inner-container">
    <h1>Sorry, this submission wasn't valid</h1>
    <ul>
            <li>Field email encountered BLOCKED_EMAIL error.</li>
    </ul>
    <p>Please fix the errors in your submission and retry</p>

        </div>
      </div>
    </body>
  </html>

[03-Dec-2025 11:33:19 UTC] Missing fields: service
[03-Dec-2025 12:02:33 UTC] V3 failed (400):  | {"status":"error","message":"The request is not valid","correlationId":"b4cc2507-0d3f-4653-8fb6-c4f6a71e7d42","errors":[{"message":"Error in 'context.hutk'. '' is not a valid Hutk","errorType":"INVALID_HUTK"}]}
[03-Dec-2025 12:02:33 UTC] V2 failed (400):  | 

  <!doctype html>
  <html>
    <head>
      <!-- FIELD_VALIDATION_ERROR -->
      <meta charset="utf-8">
      <link rel="shortcut icon" href="//static.hsappstatic.net/StyleGuideUI/static-3.60/img/sprocket/favicon.ico" type="image/x-icon">

      <title>Your submission wasn&#39;t valid</title>

      <style>
        html, body { height: 100% }
        body {
          padding: 0;
          margin: 0;
          color: #425b76;
          font-size: 0.875rem;
          line-height: 1.65rem;
          background: #f9fbfd;
          font-family: "Lexend Deca",Helvetica,Arial,sans-serif;
        }
        .outer-container {
          position: relative;
          height: 100%
        }
        .inner-container {
          position: absolute;
          top: 50%;
          left: 50%;
          transform: translate(-50%, -50%);
          max-width: 640px;
          margin: 0 auto;
          background: white;
          box-shadow: 0 1px 4px 0 rgba(0,0,0,0.1);
          border-radius: 0.1875rem;
          padding: 2rem;
        }
        h1, h3 {
          font-weight: 500;
          -webkit-font-smoothing: antialiased;
          -moz-osx-font-smoothing: grayscale;
          font-smoothing: antialiased;
          text-shadow: 0 0 1px transparent;
          line-height: normal;
        }
        h1 {
          font-size: 1.65rem;
          margin-bottom: 1.25rem;
          margin-top: 0;
          position: relative;
        }
        h1::after {
          background-color: #cbd6e2;
          bottom: -10px;
          left: 0;
          width: 100%;
          content: ' ';
          height: 1px;
          position: absolute;
        }
        h3 {
          font-size: 1.45rem;
          margin-bottom: 0.8rem;
          margin-top: 0;
          position: relative;
        }
        a {
          color: #00a4bd;
          text-decoration: none;
        }
        a:hover {
          text-decoration: underline;
        }
      </style>
    </head>
    <body>
      <div class="outer-container">
        <div class="inner-container">
    <h1>Sorry, this submission wasn't valid</h1>
    <ul>
            <li>Field email encountered BLOCKED_EMAIL error.</li>
    </ul>
    <p>Please fix the errors in your submission and retry</p>

        </div>
      </div>
    </body>
  </html>

[03-Dec-2025 19:05:46 UTC] Missing fields: firstname,lastname,email,phone,service,company
[04-Dec-2025 03:46:13 UTC] V3 failed (400):  | {"status":"error","message":"The request is not valid","correlationId":"b7bb5b64-03a5-4313-9ebf-93026136f41d","errors":[{"message":"Error in 'context.hutk'. '' is not a valid Hutk","errorType":"INVALID_HUTK"}]}
[04-Dec-2025 03:46:13 UTC] V2 failed (400):  | 

  <!doctype html>
  <html>
    <head>
      <!-- FIELD_VALIDATION_ERROR -->
      <meta charset="utf-8">
      <link rel="shortcut icon" href="//static.hsappstatic.net/StyleGuideUI/static-3.60/img/sprocket/favicon.ico" type="image/x-icon">

      <title>Your submission wasn&#39;t valid</title>

      <style>
        html, body { height: 100% }
        body {
          padding: 0;
          margin: 0;
          color: #425b76;
          font-size: 0.875rem;
          line-height: 1.65rem;
          background: #f9fbfd;
          font-family: "Lexend Deca",Helvetica,Arial,sans-serif;
        }
        .outer-container {
          position: relative;
          height: 100%
        }
        .inner-container {
          position: absolute;
          top: 50%;
          left: 50%;
          transform: translate(-50%, -50%);
          max-width: 640px;
          margin: 0 auto;
          background: white;
          box-shadow: 0 1px 4px 0 rgba(0,0,0,0.1);
          border-radius: 0.1875rem;
          padding: 2rem;
        }
        h1, h3 {
          font-weight: 500;
          -webkit-font-smoothing: antialiased;
          -moz-osx-font-smoothing: grayscale;
          font-smoothing: antialiased;
          text-shadow: 0 0 1px transparent;
          line-height: normal;
        }
        h1 {
          font-size: 1.65rem;
          margin-bottom: 1.25rem;
          margin-top: 0;
          position: relative;
        }
        h1::after {
          background-color: #cbd6e2;
          bottom: -10px;
          left: 0;
          width: 100%;
          content: ' ';
          height: 1px;
          position: absolute;
        }
        h3 {
          font-size: 1.45rem;
          margin-bottom: 0.8rem;
          margin-top: 0;
          position: relative;
        }
        a {
          color: #00a4bd;
          text-decoration: none;
        }
        a:hover {
          text-decoration: underline;
        }
      </style>
    </head>
    <body>
      <div class="outer-container">
        <div class="inner-container">
    <h1>Sorry, this submission wasn't valid</h1>
    <ul>
            <li>Field email encountered BLOCKED_EMAIL error.</li>
    </ul>
    <p>Please fix the errors in your submission and retry</p>

        </div>
      </div>
    </body>
  </html>

[05-Dec-2025 13:52:44 UTC] V3 failed (400):  | {"status":"error","message":"The request is not valid","correlationId":"63e1a545-06c0-4fd0-8528-be8b1603cf10","errors":[{"message":"Error in 'context.hutk'. '' is not a valid Hutk","errorType":"INVALID_HUTK"}]}
[05-Dec-2025 13:52:45 UTC] V2 failed (400):  | 

  <!doctype html>
  <html>
    <head>
      <!-- FIELD_VALIDATION_ERROR -->
      <meta charset="utf-8">
      <link rel="shortcut icon" href="//static.hsappstatic.net/StyleGuideUI/static-3.60/img/sprocket/favicon.ico" type="image/x-icon">

      <title>Your submission wasn&#39;t valid</title>

      <style>
        html, body { height: 100% }
        body {
          padding: 0;
          margin: 0;
          color: #425b76;
          font-size: 0.875rem;
          line-height: 1.65rem;
          background: #f9fbfd;
          font-family: "Lexend Deca",Helvetica,Arial,sans-serif;
        }
        .outer-container {
          position: relative;
          height: 100%
        }
        .inner-container {
          position: absolute;
          top: 50%;
          left: 50%;
          transform: translate(-50%, -50%);
          max-width: 640px;
          margin: 0 auto;
          background: white;
          box-shadow: 0 1px 4px 0 rgba(0,0,0,0.1);
          border-radius: 0.1875rem;
          padding: 2rem;
        }
        h1, h3 {
          font-weight: 500;
          -webkit-font-smoothing: antialiased;
          -moz-osx-font-smoothing: grayscale;
          font-smoothing: antialiased;
          text-shadow: 0 0 1px transparent;
          line-height: normal;
        }
        h1 {
          font-size: 1.65rem;
          margin-bottom: 1.25rem;
          margin-top: 0;
          position: relative;
        }
        h1::after {
          background-color: #cbd6e2;
          bottom: -10px;
          left: 0;
          width: 100%;
          content: ' ';
          height: 1px;
          position: absolute;
        }
        h3 {
          font-size: 1.45rem;
          margin-bottom: 0.8rem;
          margin-top: 0;
          position: relative;
        }
        a {
          color: #00a4bd;
          text-decoration: none;
        }
        a:hover {
          text-decoration: underline;
        }
      </style>
    </head>
    <body>
      <div class="outer-container">
        <div class="inner-container">
    <h1>Sorry, this submission wasn't valid</h1>
    <ul>
            <li>Field email encountered BLOCKED_EMAIL error.</li>
    </ul>
    <p>Please fix the errors in your submission and retry</p>

        </div>
      </div>
    </body>
  </html>

[06-Dec-2025 13:27:21 UTC] V3 failed (400):  | {"status":"error","message":"The request is not valid","correlationId":"90af0971-7bcb-4af9-a059-c8b4cc2db695","errors":[{"message":"Error in 'context.hutk'. '' is not a valid Hutk","errorType":"INVALID_HUTK"}]}
[06-Dec-2025 13:27:22 UTC] V2 failed (400):  | 

  <!doctype html>
  <html>
    <head>
      <!-- FIELD_VALIDATION_ERROR -->
      <meta charset="utf-8">
      <link rel="shortcut icon" href="//static.hsappstatic.net/StyleGuideUI/static-3.60/img/sprocket/favicon.ico" type="image/x-icon">

      <title>Your submission wasn&#39;t valid</title>

      <style>
        html, body { height: 100% }
        body {
          padding: 0;
          margin: 0;
          color: #425b76;
          font-size: 0.875rem;
          line-height: 1.65rem;
          background: #f9fbfd;
          font-family: "Lexend Deca",Helvetica,Arial,sans-serif;
        }
        .outer-container {
          position: relative;
          height: 100%
        }
        .inner-container {
          position: absolute;
          top: 50%;
          left: 50%;
          transform: translate(-50%, -50%);
          max-width: 640px;
          margin: 0 auto;
          background: white;
          box-shadow: 0 1px 4px 0 rgba(0,0,0,0.1);
          border-radius: 0.1875rem;
          padding: 2rem;
        }
        h1, h3 {
          font-weight: 500;
          -webkit-font-smoothing: antialiased;
          -moz-osx-font-smoothing: grayscale;
          font-smoothing: antialiased;
          text-shadow: 0 0 1px transparent;
          line-height: normal;
        }
        h1 {
          font-size: 1.65rem;
          margin-bottom: 1.25rem;
          margin-top: 0;
          position: relative;
        }
        h1::after {
          background-color: #cbd6e2;
          bottom: -10px;
          left: 0;
          width: 100%;
          content: ' ';
          height: 1px;
          position: absolute;
        }
        h3 {
          font-size: 1.45rem;
          margin-bottom: 0.8rem;
          margin-top: 0;
          position: relative;
        }
        a {
          color: #00a4bd;
          text-decoration: none;
        }
        a:hover {
          text-decoration: underline;
        }
      </style>
    </head>
    <body>
      <div class="outer-container">
        <div class="inner-container">
    <h1>Sorry, this submission wasn't valid</h1>
    <ul>
            <li>Field email encountered BLOCKED_EMAIL error.</li>
    </ul>
    <p>Please fix the errors in your submission and retry</p>

        </div>
      </div>
    </body>
  </html>

[07-Dec-2025 13:41:15 UTC] V3 failed (400):  | {"status":"error","message":"The request is not valid","correlationId":"f2766eb3-280d-4862-8884-8a1ba760975d","errors":[{"message":"Error in 'context.hutk'. '' is not a valid Hutk","errorType":"INVALID_HUTK"}]}
[07-Dec-2025 13:41:15 UTC] V2 failed (400):  | 

  <!doctype html>
  <html>
    <head>
      <!-- FIELD_VALIDATION_ERROR -->
      <meta charset="utf-8">
      <link rel="shortcut icon" href="//static.hsappstatic.net/StyleGuideUI/static-3.60/img/sprocket/favicon.ico" type="image/x-icon">

      <title>Your submission wasn&#39;t valid</title>

      <style>
        html, body { height: 100% }
        body {
          padding: 0;
          margin: 0;
          color: #425b76;
          font-size: 0.875rem;
          line-height: 1.65rem;
          background: #f9fbfd;
          font-family: "Lexend Deca",Helvetica,Arial,sans-serif;
        }
        .outer-container {
          position: relative;
          height: 100%
        }
        .inner-container {
          position: absolute;
          top: 50%;
          left: 50%;
          transform: translate(-50%, -50%);
          max-width: 640px;
          margin: 0 auto;
          background: white;
          box-shadow: 0 1px 4px 0 rgba(0,0,0,0.1);
          border-radius: 0.1875rem;
          padding: 2rem;
        }
        h1, h3 {
          font-weight: 500;
          -webkit-font-smoothing: antialiased;
          -moz-osx-font-smoothing: grayscale;
          font-smoothing: antialiased;
          text-shadow: 0 0 1px transparent;
          line-height: normal;
        }
        h1 {
          font-size: 1.65rem;
          margin-bottom: 1.25rem;
          margin-top: 0;
          position: relative;
        }
        h1::after {
          background-color: #cbd6e2;
          bottom: -10px;
          left: 0;
          width: 100%;
          content: ' ';
          height: 1px;
          position: absolute;
        }
        h3 {
          font-size: 1.45rem;
          margin-bottom: 0.8rem;
          margin-top: 0;
          position: relative;
        }
        a {
          color: #00a4bd;
          text-decoration: none;
        }
        a:hover {
          text-decoration: underline;
        }
      </style>
    </head>
    <body>
      <div class="outer-container">
        <div class="inner-container">
    <h1>Sorry, this submission wasn't valid</h1>
    <ul>
            <li>Field email encountered BLOCKED_EMAIL error.</li>
    </ul>
    <p>Please fix the errors in your submission and retry</p>

        </div>
      </div>
    </body>
  </html>

[08-Dec-2025 02:12:23 UTC] V3 failed (400):  | {"status":"error","message":"The request is not valid","correlationId":"2238d5f0-c52b-467b-905d-6b67d5390900","errors":[{"message":"Error in 'context.hutk'. '' is not a valid Hutk","errorType":"INVALID_HUTK"}]}
[08-Dec-2025 02:12:23 UTC] V2 failed (400):  | 

  <!doctype html>
  <html>
    <head>
      <!-- FIELD_VALIDATION_ERROR -->
      <meta charset="utf-8">
      <link rel="shortcut icon" href="//static.hsappstatic.net/StyleGuideUI/static-3.60/img/sprocket/favicon.ico" type="image/x-icon">

      <title>Your submission wasn&#39;t valid</title>

      <style>
        html, body { height: 100% }
        body {
          padding: 0;
          margin: 0;
          color: #425b76;
          font-size: 0.875rem;
          line-height: 1.65rem;
          background: #f9fbfd;
          font-family: "Lexend Deca",Helvetica,Arial,sans-serif;
        }
        .outer-container {
          position: relative;
          height: 100%
        }
        .inner-container {
          position: absolute;
          top: 50%;
          left: 50%;
          transform: translate(-50%, -50%);
          max-width: 640px;
          margin: 0 auto;
          background: white;
          box-shadow: 0 1px 4px 0 rgba(0,0,0,0.1);
          border-radius: 0.1875rem;
          padding: 2rem;
        }
        h1, h3 {
          font-weight: 500;
          -webkit-font-smoothing: antialiased;
          -moz-osx-font-smoothing: grayscale;
          font-smoothing: antialiased;
          text-shadow: 0 0 1px transparent;
          line-height: normal;
        }
        h1 {
          font-size: 1.65rem;
          margin-bottom: 1.25rem;
          margin-top: 0;
          position: relative;
        }
        h1::after {
          background-color: #cbd6e2;
          bottom: -10px;
          left: 0;
          width: 100%;
          content: ' ';
          height: 1px;
          position: absolute;
        }
        h3 {
          font-size: 1.45rem;
          margin-bottom: 0.8rem;
          margin-top: 0;
          position: relative;
        }
        a {
          color: #00a4bd;
          text-decoration: none;
        }
        a:hover {
          text-decoration: underline;
        }
      </style>
    </head>
    <body>
      <div class="outer-container">
        <div class="inner-container">
    <h1>Sorry, this submission wasn't valid</h1>
    <ul>
            <li>Field email encountered BLOCKED_EMAIL error.</li>
    </ul>
    <p>Please fix the errors in your submission and retry</p>

        </div>
      </div>
    </body>
  </html>

[08-Dec-2025 06:40:22 UTC] V3 failed (400):  | {"status":"error","message":"The request is not valid","correlationId":"0ef5f4bf-c869-47df-98d6-bbcefae6523b","errors":[{"message":"Error in 'context.hutk'. '' is not a valid Hutk","errorType":"INVALID_HUTK"}]}
[08-Dec-2025 06:40:22 UTC] V2 failed (400):  | 

  <!doctype html>
  <html>
    <head>
      <!-- FIELD_VALIDATION_ERROR -->
      <meta charset="utf-8">
      <link rel="shortcut icon" href="//static.hsappstatic.net/StyleGuideUI/static-3.60/img/sprocket/favicon.ico" type="image/x-icon">

      <title>Your submission wasn&#39;t valid</title>

      <style>
        html, body { height: 100% }
        body {
          padding: 0;
          margin: 0;
          color: #425b76;
          font-size: 0.875rem;
          line-height: 1.65rem;
          background: #f9fbfd;
          font-family: "Lexend Deca",Helvetica,Arial,sans-serif;
        }
        .outer-container {
          position: relative;
          height: 100%
        }
        .inner-container {
          position: absolute;
          top: 50%;
          left: 50%;
          transform: translate(-50%, -50%);
          max-width: 640px;
          margin: 0 auto;
          background: white;
          box-shadow: 0 1px 4px 0 rgba(0,0,0,0.1);
          border-radius: 0.1875rem;
          padding: 2rem;
        }
        h1, h3 {
          font-weight: 500;
          -webkit-font-smoothing: antialiased;
          -moz-osx-font-smoothing: grayscale;
          font-smoothing: antialiased;
          text-shadow: 0 0 1px transparent;
          line-height: normal;
        }
        h1 {
          font-size: 1.65rem;
          margin-bottom: 1.25rem;
          margin-top: 0;
          position: relative;
        }
        h1::after {
          background-color: #cbd6e2;
          bottom: -10px;
          left: 0;
          width: 100%;
          content: ' ';
          height: 1px;
          position: absolute;
        }
        h3 {
          font-size: 1.45rem;
          margin-bottom: 0.8rem;
          margin-top: 0;
          position: relative;
        }
        a {
          color: #00a4bd;
          text-decoration: none;
        }
        a:hover {
          text-decoration: underline;
        }
      </style>
    </head>
    <body>
      <div class="outer-container">
        <div class="inner-container">
    <h1>Sorry, this submission wasn't valid</h1>
    <ul>
            <li>Field email encountered BLOCKED_EMAIL error.</li>
    </ul>
    <p>Please fix the errors in your submission and retry</p>

        </div>
      </div>
    </body>
  </html>

[09-Dec-2025 23:06:32 UTC] V3 failed (400):  | {"status":"error","message":"The request is not valid","correlationId":"b23c5d83-6f49-4dd7-a47f-564d56ce8afd","errors":[{"message":"Error in 'context.hutk'. '' is not a valid Hutk","errorType":"INVALID_HUTK"}]}
[09-Dec-2025 23:06:33 UTC] V2 failed (400):  | 

  <!doctype html>
  <html>
    <head>
      <!-- FIELD_VALIDATION_ERROR -->
      <meta charset="utf-8">
      <link rel="shortcut icon" href="//static.hsappstatic.net/StyleGuideUI/static-3.60/img/sprocket/favicon.ico" type="image/x-icon">

      <title>Your submission wasn&#39;t valid</title>

      <style>
        html, body { height: 100% }
        body {
          padding: 0;
          margin: 0;
          color: #425b76;
          font-size: 0.875rem;
          line-height: 1.65rem;
          background: #f9fbfd;
          font-family: "Lexend Deca",Helvetica,Arial,sans-serif;
        }
        .outer-container {
          position: relative;
          height: 100%
        }
        .inner-container {
          position: absolute;
          top: 50%;
          left: 50%;
          transform: translate(-50%, -50%);
          max-width: 640px;
          margin: 0 auto;
          background: white;
          box-shadow: 0 1px 4px 0 rgba(0,0,0,0.1);
          border-radius: 0.1875rem;
          padding: 2rem;
        }
        h1, h3 {
          font-weight: 500;
          -webkit-font-smoothing: antialiased;
          -moz-osx-font-smoothing: grayscale;
          font-smoothing: antialiased;
          text-shadow: 0 0 1px transparent;
          line-height: normal;
        }
        h1 {
          font-size: 1.65rem;
          margin-bottom: 1.25rem;
          margin-top: 0;
          position: relative;
        }
        h1::after {
          background-color: #cbd6e2;
          bottom: -10px;
          left: 0;
          width: 100%;
          content: ' ';
          height: 1px;
          position: absolute;
        }
        h3 {
          font-size: 1.45rem;
          margin-bottom: 0.8rem;
          margin-top: 0;
          position: relative;
        }
        a {
          color: #00a4bd;
          text-decoration: none;
        }
        a:hover {
          text-decoration: underline;
        }
      </style>
    </head>
    <body>
      <div class="outer-container">
        <div class="inner-container">
    <h1>Sorry, this submission wasn't valid</h1>
    <ul>
            <li>Field email encountered BLOCKED_EMAIL error.</li>
    </ul>
    <p>Please fix the errors in your submission and retry</p>

        </div>
      </div>
    </body>
  </html>

[10-Dec-2025 11:55:27 UTC] V3 failed (400):  | {"status":"error","message":"The request is not valid","correlationId":"f1b8ab9d-bb5e-4f53-997f-4ca7b930fce2","errors":[{"message":"Error in 'context.hutk'. '' is not a valid Hutk","errorType":"INVALID_HUTK"}]}
[10-Dec-2025 11:55:27 UTC] V2 failed (400):  | 

  <!doctype html>
  <html>
    <head>
      <!-- FIELD_VALIDATION_ERROR -->
      <meta charset="utf-8">
      <link rel="shortcut icon" href="//static.hsappstatic.net/StyleGuideUI/static-3.60/img/sprocket/favicon.ico" type="image/x-icon">

      <title>Your submission wasn&#39;t valid</title>

      <style>
        html, body { height: 100% }
        body {
          padding: 0;
          margin: 0;
          color: #425b76;
          font-size: 0.875rem;
          line-height: 1.65rem;
          background: #f9fbfd;
          font-family: "Lexend Deca",Helvetica,Arial,sans-serif;
        }
        .outer-container {
          position: relative;
          height: 100%
        }
        .inner-container {
          position: absolute;
          top: 50%;
          left: 50%;
          transform: translate(-50%, -50%);
          max-width: 640px;
          margin: 0 auto;
          background: white;
          box-shadow: 0 1px 4px 0 rgba(0,0,0,0.1);
          border-radius: 0.1875rem;
          padding: 2rem;
        }
        h1, h3 {
          font-weight: 500;
          -webkit-font-smoothing: antialiased;
          -moz-osx-font-smoothing: grayscale;
          font-smoothing: antialiased;
          text-shadow: 0 0 1px transparent;
          line-height: normal;
        }
        h1 {
          font-size: 1.65rem;
          margin-bottom: 1.25rem;
          margin-top: 0;
          position: relative;
        }
        h1::after {
          background-color: #cbd6e2;
          bottom: -10px;
          left: 0;
          width: 100%;
          content: ' ';
          height: 1px;
          position: absolute;
        }
        h3 {
          font-size: 1.45rem;
          margin-bottom: 0.8rem;
          margin-top: 0;
          position: relative;
        }
        a {
          color: #00a4bd;
          text-decoration: none;
        }
        a:hover {
          text-decoration: underline;
        }
      </style>
    </head>
    <body>
      <div class="outer-container">
        <div class="inner-container">
    <h1>Sorry, this submission wasn't valid</h1>
    <ul>
            <li>Field email encountered BLOCKED_EMAIL error.</li>
    </ul>
    <p>Please fix the errors in your submission and retry</p>

        </div>
      </div>
    </body>
  </html>

[11-Dec-2025 14:45:01 UTC] V3 failed (400):  | {"status":"error","message":"The request is not valid","correlationId":"68e47164-43d7-4c10-a3f9-d1623f5b7c7b","errors":[{"message":"Error in 'context.hutk'. '' is not a valid Hutk","errorType":"INVALID_HUTK"}]}
[11-Dec-2025 14:45:02 UTC] V2 failed (400):  | 

  <!doctype html>
  <html>
    <head>
      <!-- FIELD_VALIDATION_ERROR -->
      <meta charset="utf-8">
      <link rel="shortcut icon" href="//static.hsappstatic.net/StyleGuideUI/static-3.60/img/sprocket/favicon.ico" type="image/x-icon">

      <title>Your submission wasn&#39;t valid</title>

      <style>
        html, body { height: 100% }
        body {
          padding: 0;
          margin: 0;
          color: #425b76;
          font-size: 0.875rem;
          line-height: 1.65rem;
          background: #f9fbfd;
          font-family: "Lexend Deca",Helvetica,Arial,sans-serif;
        }
        .outer-container {
          position: relative;
          height: 100%
        }
        .inner-container {
          position: absolute;
          top: 50%;
          left: 50%;
          transform: translate(-50%, -50%);
          max-width: 640px;
          margin: 0 auto;
          background: white;
          box-shadow: 0 1px 4px 0 rgba(0,0,0,0.1);
          border-radius: 0.1875rem;
          padding: 2rem;
        }
        h1, h3 {
          font-weight: 500;
          -webkit-font-smoothing: antialiased;
          -moz-osx-font-smoothing: grayscale;
          font-smoothing: antialiased;
          text-shadow: 0 0 1px transparent;
          line-height: normal;
        }
        h1 {
          font-size: 1.65rem;
          margin-bottom: 1.25rem;
          margin-top: 0;
          position: relative;
        }
        h1::after {
          background-color: #cbd6e2;
          bottom: -10px;
          left: 0;
          width: 100%;
          content: ' ';
          height: 1px;
          position: absolute;
        }
        h3 {
          font-size: 1.45rem;
          margin-bottom: 0.8rem;
          margin-top: 0;
          position: relative;
        }
        a {
          color: #00a4bd;
          text-decoration: none;
        }
        a:hover {
          text-decoration: underline;
        }
      </style>
    </head>
    <body>
      <div class="outer-container">
        <div class="inner-container">
    <h1>Sorry, this submission wasn't valid</h1>
    <ul>
            <li>Field email encountered BLOCKED_EMAIL error.</li>
    </ul>
    <p>Please fix the errors in your submission and retry</p>

        </div>
      </div>
    </body>
  </html>

[14-Dec-2025 20:38:02 UTC] V3 failed (400):  | {"status":"error","message":"The request is not valid","correlationId":"a7769f37-7d77-41e3-aee1-7795a9621b57","errors":[{"message":"Error in 'context.hutk'. '' is not a valid Hutk","errorType":"INVALID_HUTK"}]}
[15-Dec-2025 14:01:05 UTC] V3 failed (400):  | {"status":"error","message":"The request is not valid","correlationId":"70327fe3-310b-432f-aa82-a862c0a3eb62","errors":[{"message":"Error in 'context.hutk'. '' is not a valid Hutk","errorType":"INVALID_HUTK"}]}
[15-Dec-2025 14:01:05 UTC] V2 failed (400):  | 

  <!doctype html>
  <html>
    <head>
      <!-- FIELD_VALIDATION_ERROR -->
      <meta charset="utf-8">
      <link rel="shortcut icon" href="//static.hsappstatic.net/StyleGuideUI/static-3.60/img/sprocket/favicon.ico" type="image/x-icon">

      <title>Your submission wasn&#39;t valid</title>

      <style>
        html, body { height: 100% }
        body {
          padding: 0;
          margin: 0;
          color: #425b76;
          font-size: 0.875rem;
          line-height: 1.65rem;
          background: #f9fbfd;
          font-family: "Lexend Deca",Helvetica,Arial,sans-serif;
        }
        .outer-container {
          position: relative;
          height: 100%
        }
        .inner-container {
          position: absolute;
          top: 50%;
          left: 50%;
          transform: translate(-50%, -50%);
          max-width: 640px;
          margin: 0 auto;
          background: white;
          box-shadow: 0 1px 4px 0 rgba(0,0,0,0.1);
          border-radius: 0.1875rem;
          padding: 2rem;
        }
        h1, h3 {
          font-weight: 500;
          -webkit-font-smoothing: antialiased;
          -moz-osx-font-smoothing: grayscale;
          font-smoothing: antialiased;
          text-shadow: 0 0 1px transparent;
          line-height: normal;
        }
        h1 {
          font-size: 1.65rem;
          margin-bottom: 1.25rem;
          margin-top: 0;
          position: relative;
        }
        h1::after {
          background-color: #cbd6e2;
          bottom: -10px;
          left: 0;
          width: 100%;
          content: ' ';
          height: 1px;
          position: absolute;
        }
        h3 {
          font-size: 1.45rem;
          margin-bottom: 0.8rem;
          margin-top: 0;
          position: relative;
        }
        a {
          color: #00a4bd;
          text-decoration: none;
        }
        a:hover {
          text-decoration: underline;
        }
      </style>
    </head>
    <body>
      <div class="outer-container">
        <div class="inner-container">
    <h1>Sorry, this submission wasn't valid</h1>
    <ul>
            <li>Field email encountered BLOCKED_EMAIL error.</li>
    </ul>
    <p>Please fix the errors in your submission and retry</p>

        </div>
      </div>
    </body>
  </html>

[16-Dec-2025 17:48:00 UTC] V3 failed (400):  | {"status":"error","message":"The request is not valid","correlationId":"9eae9a95-b2f0-4f17-bc2a-78f9a3bfe351","errors":[{"message":"Error in 'context.hutk'. '' is not a valid Hutk","errorType":"INVALID_HUTK"}]}
[16-Dec-2025 17:48:00 UTC] V2 failed (400):  | 

  <!doctype html>
  <html>
    <head>
      <!-- FIELD_VALIDATION_ERROR -->
      <meta charset="utf-8">
      <link rel="shortcut icon" href="//static.hsappstatic.net/StyleGuideUI/static-3.60/img/sprocket/favicon.ico" type="image/x-icon">

      <title>Your submission wasn&#39;t valid</title>

      <style>
        html, body { height: 100% }
        body {
          padding: 0;
          margin: 0;
          color: #425b76;
          font-size: 0.875rem;
          line-height: 1.65rem;
          background: #f9fbfd;
          font-family: "Lexend Deca",Helvetica,Arial,sans-serif;
        }
        .outer-container {
          position: relative;
          height: 100%
        }
        .inner-container {
          position: absolute;
          top: 50%;
          left: 50%;
          transform: translate(-50%, -50%);
          max-width: 640px;
          margin: 0 auto;
          background: white;
          box-shadow: 0 1px 4px 0 rgba(0,0,0,0.1);
          border-radius: 0.1875rem;
          padding: 2rem;
        }
        h1, h3 {
          font-weight: 500;
          -webkit-font-smoothing: antialiased;
          -moz-osx-font-smoothing: grayscale;
          font-smoothing: antialiased;
          text-shadow: 0 0 1px transparent;
          line-height: normal;
        }
        h1 {
          font-size: 1.65rem;
          margin-bottom: 1.25rem;
          margin-top: 0;
          position: relative;
        }
        h1::after {
          background-color: #cbd6e2;
          bottom: -10px;
          left: 0;
          width: 100%;
          content: ' ';
          height: 1px;
          position: absolute;
        }
        h3 {
          font-size: 1.45rem;
          margin-bottom: 0.8rem;
          margin-top: 0;
          position: relative;
        }
        a {
          color: #00a4bd;
          text-decoration: none;
        }
        a:hover {
          text-decoration: underline;
        }
      </style>
    </head>
    <body>
      <div class="outer-container">
        <div class="inner-container">
    <h1>Sorry, this submission wasn't valid</h1>
    <ul>
            <li>Field email encountered BLOCKED_EMAIL error.</li>
    </ul>
    <p>Please fix the errors in your submission and retry</p>

        </div>
      </div>
    </body>
  </html>

[17-Dec-2025 18:06:35 UTC] Missing fields: firstname,lastname,email,phone,service,company
[18-Dec-2025 00:44:38 UTC] V3 failed (400):  | {"status":"error","message":"The request is not valid","correlationId":"385c911c-430e-4299-b78b-3b8398abd12b","errors":[{"message":"Error in 'context.hutk'. '' is not a valid Hutk","errorType":"INVALID_HUTK"}]}
[18-Dec-2025 00:44:39 UTC] V2 failed (400):  | 

  <!doctype html>
  <html>
    <head>
      <!-- FIELD_VALIDATION_ERROR -->
      <meta charset="utf-8">
      <link rel="shortcut icon" href="//static.hsappstatic.net/StyleGuideUI/static-3.60/img/sprocket/favicon.ico" type="image/x-icon">

      <title>Your submission wasn&#39;t valid</title>

      <style>
        html, body { height: 100% }
        body {
          padding: 0;
          margin: 0;
          color: #425b76;
          font-size: 0.875rem;
          line-height: 1.65rem;
          background: #f9fbfd;
          font-family: "Lexend Deca",Helvetica,Arial,sans-serif;
        }
        .outer-container {
          position: relative;
          height: 100%
        }
        .inner-container {
          position: absolute;
          top: 50%;
          left: 50%;
          transform: translate(-50%, -50%);
          max-width: 640px;
          margin: 0 auto;
          background: white;
          box-shadow: 0 1px 4px 0 rgba(0,0,0,0.1);
          border-radius: 0.1875rem;
          padding: 2rem;
        }
        h1, h3 {
          font-weight: 500;
          -webkit-font-smoothing: antialiased;
          -moz-osx-font-smoothing: grayscale;
          font-smoothing: antialiased;
          text-shadow: 0 0 1px transparent;
          line-height: normal;
        }
        h1 {
          font-size: 1.65rem;
          margin-bottom: 1.25rem;
          margin-top: 0;
          position: relative;
        }
        h1::after {
          background-color: #cbd6e2;
          bottom: -10px;
          left: 0;
          width: 100%;
          content: ' ';
          height: 1px;
          position: absolute;
        }
        h3 {
          font-size: 1.45rem;
          margin-bottom: 0.8rem;
          margin-top: 0;
          position: relative;
        }
        a {
          color: #00a4bd;
          text-decoration: none;
        }
        a:hover {
          text-decoration: underline;
        }
      </style>
    </head>
    <body>
      <div class="outer-container">
        <div class="inner-container">
    <h1>Sorry, this submission wasn't valid</h1>
    <ul>
            <li>Field email encountered BLOCKED_EMAIL error.</li>
    </ul>
    <p>Please fix the errors in your submission and retry</p>

        </div>
      </div>
    </body>
  </html>

[21-Dec-2025 02:26:25 UTC] V3 failed (400):  | {"status":"error","message":"The request is not valid","correlationId":"853ffa35-d170-4459-8075-a713ec7a545b","errors":[{"message":"Error in 'context.hutk'. '' is not a valid Hutk","errorType":"INVALID_HUTK"}]}
[21-Dec-2025 02:26:25 UTC] V2 failed (400):  | 

  <!doctype html>
  <html>
    <head>
      <!-- FIELD_VALIDATION_ERROR -->
      <meta charset="utf-8">
      <link rel="shortcut icon" href="//static.hsappstatic.net/StyleGuideUI/static-3.60/img/sprocket/favicon.ico" type="image/x-icon">

      <title>Your submission wasn&#39;t valid</title>

      <style>
        html, body { height: 100% }
        body {
          padding: 0;
          margin: 0;
          color: #425b76;
          font-size: 0.875rem;
          line-height: 1.65rem;
          background: #f9fbfd;
          font-family: "Lexend Deca",Helvetica,Arial,sans-serif;
        }
        .outer-container {
          position: relative;
          height: 100%
        }
        .inner-container {
          position: absolute;
          top: 50%;
          left: 50%;
          transform: translate(-50%, -50%);
          max-width: 640px;
          margin: 0 auto;
          background: white;
          box-shadow: 0 1px 4px 0 rgba(0,0,0,0.1);
          border-radius: 0.1875rem;
          padding: 2rem;
        }
        h1, h3 {
          font-weight: 500;
          -webkit-font-smoothing: antialiased;
          -moz-osx-font-smoothing: grayscale;
          font-smoothing: antialiased;
          text-shadow: 0 0 1px transparent;
          line-height: normal;
        }
        h1 {
          font-size: 1.65rem;
          margin-bottom: 1.25rem;
          margin-top: 0;
          position: relative;
        }
        h1::after {
          background-color: #cbd6e2;
          bottom: -10px;
          left: 0;
          width: 100%;
          content: ' ';
          height: 1px;
          position: absolute;
        }
        h3 {
          font-size: 1.45rem;
          margin-bottom: 0.8rem;
          margin-top: 0;
          position: relative;
        }
        a {
          color: #00a4bd;
          text-decoration: none;
        }
        a:hover {
          text-decoration: underline;
        }
      </style>
    </head>
    <body>
      <div class="outer-container">
        <div class="inner-container">
    <h1>Sorry, this submission wasn't valid</h1>
    <ul>
            <li>Field email encountered BLOCKED_EMAIL error.</li>
    </ul>
    <p>Please fix the errors in your submission and retry</p>

        </div>
      </div>
    </body>
  </html>

[21-Dec-2025 23:14:07 UTC] V3 failed (400):  | {"status":"error","message":"The request is not valid","correlationId":"b91886d0-80a9-43c2-85de-5f40bfbd2bc3","errors":[{"message":"Error in 'context.hutk'. '' is not a valid Hutk","errorType":"INVALID_HUTK"}]}
[22-Dec-2025 07:19:50 UTC] Missing fields: firstname,lastname,email,phone,service,company
[22-Dec-2025 07:48:31 UTC] V3 failed (400):  | {"status":"error","message":"The request is not valid","correlationId":"1acb0ca0-03ce-4c9c-bfda-cbfd0878132e","errors":[{"message":"Error in 'context.hutk'. '' is not a valid Hutk","errorType":"INVALID_HUTK"}]}
[22-Dec-2025 07:48:31 UTC] V2 failed (400):  | 

  <!doctype html>
  <html>
    <head>
      <!-- FIELD_VALIDATION_ERROR -->
      <meta charset="utf-8">
      <link rel="shortcut icon" href="//static.hsappstatic.net/StyleGuideUI/static-3.60/img/sprocket/favicon.ico" type="image/x-icon">

      <title>Your submission wasn&#39;t valid</title>

      <style>
        html, body { height: 100% }
        body {
          padding: 0;
          margin: 0;
          color: #425b76;
          font-size: 0.875rem;
          line-height: 1.65rem;
          background: #f9fbfd;
          font-family: "Lexend Deca",Helvetica,Arial,sans-serif;
        }
        .outer-container {
          position: relative;
          height: 100%
        }
        .inner-container {
          position: absolute;
          top: 50%;
          left: 50%;
          transform: translate(-50%, -50%);
          max-width: 640px;
          margin: 0 auto;
          background: white;
          box-shadow: 0 1px 4px 0 rgba(0,0,0,0.1);
          border-radius: 0.1875rem;
          padding: 2rem;
        }
        h1, h3 {
          font-weight: 500;
          -webkit-font-smoothing: antialiased;
          -moz-osx-font-smoothing: grayscale;
          font-smoothing: antialiased;
          text-shadow: 0 0 1px transparent;
          line-height: normal;
        }
        h1 {
          font-size: 1.65rem;
          margin-bottom: 1.25rem;
          margin-top: 0;
          position: relative;
        }
        h1::after {
          background-color: #cbd6e2;
          bottom: -10px;
          left: 0;
          width: 100%;
          content: ' ';
          height: 1px;
          position: absolute;
        }
        h3 {
          font-size: 1.45rem;
          margin-bottom: 0.8rem;
          margin-top: 0;
          position: relative;
        }
        a {
          color: #00a4bd;
          text-decoration: none;
        }
        a:hover {
          text-decoration: underline;
        }
      </style>
    </head>
    <body>
      <div class="outer-container">
        <div class="inner-container">
    <h1>Sorry, this submission wasn't valid</h1>
    <ul>
            <li>Field email encountered BLOCKED_EMAIL error.</li>
    </ul>
    <p>Please fix the errors in your submission and retry</p>

        </div>
      </div>
    </body>
  </html>

[24-Dec-2025 04:25:29 UTC] V3 failed (400):  | {"status":"error","message":"The request is not valid","correlationId":"ecb8e86d-6cfe-4202-92cc-7d897f743cab","errors":[{"message":"Error in 'context.hutk'. '' is not a valid Hutk","errorType":"INVALID_HUTK"}]}
[24-Dec-2025 04:25:29 UTC] V2 failed (400):  | 

  <!doctype html>
  <html>
    <head>
      <!-- FIELD_VALIDATION_ERROR -->
      <meta charset="utf-8">
      <link rel="shortcut icon" href="//static.hsappstatic.net/StyleGuideUI/static-3.60/img/sprocket/favicon.ico" type="image/x-icon">

      <title>Your submission wasn&#39;t valid</title>

      <style>
        html, body { height: 100% }
        body {
          padding: 0;
          margin: 0;
          color: #425b76;
          font-size: 0.875rem;
          line-height: 1.65rem;
          background: #f9fbfd;
          font-family: "Lexend Deca",Helvetica,Arial,sans-serif;
        }
        .outer-container {
          position: relative;
          height: 100%
        }
        .inner-container {
          position: absolute;
          top: 50%;
          left: 50%;
          transform: translate(-50%, -50%);
          max-width: 640px;
          margin: 0 auto;
          background: white;
          box-shadow: 0 1px 4px 0 rgba(0,0,0,0.1);
          border-radius: 0.1875rem;
          padding: 2rem;
        }
        h1, h3 {
          font-weight: 500;
          -webkit-font-smoothing: antialiased;
          -moz-osx-font-smoothing: grayscale;
          font-smoothing: antialiased;
          text-shadow: 0 0 1px transparent;
          line-height: normal;
        }
        h1 {
          font-size: 1.65rem;
          margin-bottom: 1.25rem;
          margin-top: 0;
          position: relative;
        }
        h1::after {
          background-color: #cbd6e2;
          bottom: -10px;
          left: 0;
          width: 100%;
          content: ' ';
          height: 1px;
          position: absolute;
        }
        h3 {
          font-size: 1.45rem;
          margin-bottom: 0.8rem;
          margin-top: 0;
          position: relative;
        }
        a {
          color: #00a4bd;
          text-decoration: none;
        }
        a:hover {
          text-decoration: underline;
        }
      </style>
    </head>
    <body>
      <div class="outer-container">
        <div class="inner-container">
    <h1>Sorry, this submission wasn't valid</h1>
    <ul>
            <li>Field email encountered BLOCKED_EMAIL error.</li>
    </ul>
    <p>Please fix the errors in your submission and retry</p>

        </div>
      </div>
    </body>
  </html>

[24-Dec-2025 06:25:11 UTC] V3 failed (400):  | {"status":"error","message":"The request is not valid","correlationId":"e908ff19-6cf5-4596-8d9e-2aa7ba9ee0e8","errors":[{"message":"Error in 'context.hutk'. '' is not a valid Hutk","errorType":"INVALID_HUTK"}]}
[24-Dec-2025 06:25:11 UTC] V2 failed (400):  | 

  <!doctype html>
  <html>
    <head>
      <!-- FIELD_VALIDATION_ERROR -->
      <meta charset="utf-8">
      <link rel="shortcut icon" href="//static.hsappstatic.net/StyleGuideUI/static-3.60/img/sprocket/favicon.ico" type="image/x-icon">

      <title>Your submission wasn&#39;t valid</title>

      <style>
        html, body { height: 100% }
        body {
          padding: 0;
          margin: 0;
          color: #425b76;
          font-size: 0.875rem;
          line-height: 1.65rem;
          background: #f9fbfd;
          font-family: "Lexend Deca",Helvetica,Arial,sans-serif;
        }
        .outer-container {
          position: relative;
          height: 100%
        }
        .inner-container {
          position: absolute;
          top: 50%;
          left: 50%;
          transform: translate(-50%, -50%);
          max-width: 640px;
          margin: 0 auto;
          background: white;
          box-shadow: 0 1px 4px 0 rgba(0,0,0,0.1);
          border-radius: 0.1875rem;
          padding: 2rem;
        }
        h1, h3 {
          font-weight: 500;
          -webkit-font-smoothing: antialiased;
          -moz-osx-font-smoothing: grayscale;
          font-smoothing: antialiased;
          text-shadow: 0 0 1px transparent;
          line-height: normal;
        }
        h1 {
          font-size: 1.65rem;
          margin-bottom: 1.25rem;
          margin-top: 0;
          position: relative;
        }
        h1::after {
          background-color: #cbd6e2;
          bottom: -10px;
          left: 0;
          width: 100%;
          content: ' ';
          height: 1px;
          position: absolute;
        }
        h3 {
          font-size: 1.45rem;
          margin-bottom: 0.8rem;
          margin-top: 0;
          position: relative;
        }
        a {
          color: #00a4bd;
          text-decoration: none;
        }
        a:hover {
          text-decoration: underline;
        }
      </style>
    </head>
    <body>
      <div class="outer-container">
        <div class="inner-container">
    <h1>Sorry, this submission wasn't valid</h1>
    <ul>
            <li>Field email encountered BLOCKED_EMAIL error.</li>
    </ul>
    <p>Please fix the errors in your submission and retry</p>

        </div>
      </div>
    </body>
  </html>

[25-Dec-2025 15:36:41 UTC] V3 failed (400):  | {"status":"error","message":"The request is not valid","correlationId":"64374023-a45e-42f0-9e64-63ec7f6bd302","errors":[{"message":"Error in 'context.hutk'. '' is not a valid Hutk","errorType":"INVALID_HUTK"}]}
[25-Dec-2025 15:36:41 UTC] V2 failed (400):  | 

  <!doctype html>
  <html>
    <head>
      <!-- FIELD_VALIDATION_ERROR -->
      <meta charset="utf-8">
      <link rel="shortcut icon" href="//static.hsappstatic.net/StyleGuideUI/static-3.60/img/sprocket/favicon.ico" type="image/x-icon">

      <title>Your submission wasn&#39;t valid</title>

      <style>
        html, body { height: 100% }
        body {
          padding: 0;
          margin: 0;
          color: #425b76;
          font-size: 0.875rem;
          line-height: 1.65rem;
          background: #f9fbfd;
          font-family: "Lexend Deca",Helvetica,Arial,sans-serif;
        }
        .outer-container {
          position: relative;
          height: 100%
        }
        .inner-container {
          position: absolute;
          top: 50%;
          left: 50%;
          transform: translate(-50%, -50%);
          max-width: 640px;
          margin: 0 auto;
          background: white;
          box-shadow: 0 1px 4px 0 rgba(0,0,0,0.1);
          border-radius: 0.1875rem;
          padding: 2rem;
        }
        h1, h3 {
          font-weight: 500;
          -webkit-font-smoothing: antialiased;
          -moz-osx-font-smoothing: grayscale;
          font-smoothing: antialiased;
          text-shadow: 0 0 1px transparent;
          line-height: normal;
        }
        h1 {
          font-size: 1.65rem;
          margin-bottom: 1.25rem;
          margin-top: 0;
          position: relative;
        }
        h1::after {
          background-color: #cbd6e2;
          bottom: -10px;
          left: 0;
          width: 100%;
          content: ' ';
          height: 1px;
          position: absolute;
        }
        h3 {
          font-size: 1.45rem;
          margin-bottom: 0.8rem;
          margin-top: 0;
          position: relative;
        }
        a {
          color: #00a4bd;
          text-decoration: none;
        }
        a:hover {
          text-decoration: underline;
        }
      </style>
    </head>
    <body>
      <div class="outer-container">
        <div class="inner-container">
    <h1>Sorry, this submission wasn't valid</h1>
    <ul>
            <li>Field email encountered BLOCKED_EMAIL error.</li>
    </ul>
    <p>Please fix the errors in your submission and retry</p>

        </div>
      </div>
    </body>
  </html>

[27-Dec-2025 10:04:05 UTC] V3 failed (400):  | {"status":"error","message":"The request is not valid","correlationId":"e4f15ae3-0daf-4b53-bf56-109a19e8b285","errors":[{"message":"Error in 'context.hutk'. '' is not a valid Hutk","errorType":"INVALID_HUTK"}]}
[29-Dec-2025 10:36:47 UTC] Missing fields: service
[29-Dec-2025 17:01:42 UTC] V3 failed (400):  | {"status":"error","message":"The request is not valid","correlationId":"881ad96d-7c1a-4cec-b403-76ea680a78ea","errors":[{"message":"Error in 'context.hutk'. '' is not a valid Hutk","errorType":"INVALID_HUTK"}]}
[30-Dec-2025 22:44:15 UTC] V3 failed (400):  | {"status":"error","message":"The request is not valid","correlationId":"e044be2c-db1b-437c-972b-08d0a847120d","errors":[{"message":"Error in 'context.hutk'. '' is not a valid Hutk","errorType":"INVALID_HUTK"}]}
[30-Dec-2025 22:44:15 UTC] V2 failed (400):  | 

  <!doctype html>
  <html>
    <head>
      <!-- FIELD_VALIDATION_ERROR -->
      <meta charset="utf-8">
      <link rel="shortcut icon" href="//static.hsappstatic.net/StyleGuideUI/static-3.60/img/sprocket/favicon.ico" type="image/x-icon">

      <title>Your submission wasn&#39;t valid</title>

      <style>
        html, body { height: 100% }
        body {
          padding: 0;
          margin: 0;
          color: #425b76;
          font-size: 0.875rem;
          line-height: 1.65rem;
          background: #f9fbfd;
          font-family: "Lexend Deca",Helvetica,Arial,sans-serif;
        }
        .outer-container {
          position: relative;
          height: 100%
        }
        .inner-container {
          position: absolute;
          top: 50%;
          left: 50%;
          transform: translate(-50%, -50%);
          max-width: 640px;
          margin: 0 auto;
          background: white;
          box-shadow: 0 1px 4px 0 rgba(0,0,0,0.1);
          border-radius: 0.1875rem;
          padding: 2rem;
        }
        h1, h3 {
          font-weight: 500;
          -webkit-font-smoothing: antialiased;
          -moz-osx-font-smoothing: grayscale;
          font-smoothing: antialiased;
          text-shadow: 0 0 1px transparent;
          line-height: normal;
        }
        h1 {
          font-size: 1.65rem;
          margin-bottom: 1.25rem;
          margin-top: 0;
          position: relative;
        }
        h1::after {
          background-color: #cbd6e2;
          bottom: -10px;
          left: 0;
          width: 100%;
          content: ' ';
          height: 1px;
          position: absolute;
        }
        h3 {
          font-size: 1.45rem;
          margin-bottom: 0.8rem;
          margin-top: 0;
          position: relative;
        }
        a {
          color: #00a4bd;
          text-decoration: none;
        }
        a:hover {
          text-decoration: underline;
        }
      </style>
    </head>
    <body>
      <div class="outer-container">
        <div class="inner-container">
    <h1>Sorry, this submission wasn't valid</h1>
    <ul>
            <li>Field email encountered BLOCKED_EMAIL error.</li>
    </ul>
    <p>Please fix the errors in your submission and retry</p>

        </div>
      </div>
    </body>
  </html>

[01-Jan-2026 07:13:13 UTC] V3 failed (400):  | {"status":"error","message":"The request is not valid","correlationId":"19c67cd0-cca8-43b3-82b6-e893085f66d9","errors":[{"message":"Error in 'context.hutk'. '' is not a valid Hutk","errorType":"INVALID_HUTK"}]}
[01-Jan-2026 07:13:15 UTC] V3 failed (400):  | {"status":"error","message":"The request is not valid","correlationId":"3199357e-584d-4efb-94a2-320c477473cf","errors":[{"message":"Error in 'context.hutk'. '' is not a valid Hutk","errorType":"INVALID_HUTK"}]}
[02-Jan-2026 07:55:18 UTC] Missing fields: service
[02-Jan-2026 19:54:41 UTC] Missing fields: firstname,lastname,email,phone,service,company
[05-Jan-2026 23:09:46 UTC] V3 failed (400):  | {"status":"error","message":"The request is not valid","correlationId":"9cd5de9e-9ee2-4408-9599-ede9ddb19e8c","errors":[{"message":"Error in 'context.hutk'. '' is not a valid Hutk","errorType":"INVALID_HUTK"}]}
[06-Jan-2026 05:39:54 UTC] V3 failed (400):  | {"status":"error","message":"The request is not valid","correlationId":"916cd040-a641-4baf-b6bb-78eea494c502","errors":[{"message":"Error in 'context.hutk'. '' is not a valid Hutk","errorType":"INVALID_HUTK"}]}
[06-Jan-2026 05:39:56 UTC] V3 failed (400):  | {"status":"error","message":"The request is not valid","correlationId":"aaec0ef5-324b-499d-ae9e-2e6e9befd144","errors":[{"message":"Error in 'context.hutk'. '' is not a valid Hutk","errorType":"INVALID_HUTK"}]}
[06-Jan-2026 22:07:42 UTC] Missing fields: service
[07-Jan-2026 17:33:55 UTC] V3 failed (400):  | {"status":"error","message":"The request is not valid","correlationId":"524ebc2d-c263-4bdd-b2b3-a06d5d05a347","errors":[{"message":"Error in 'context.hutk'. '' is not a valid Hutk","errorType":"INVALID_HUTK"}]}
[07-Jan-2026 17:33:55 UTC] V2 failed (400):  | 

  <!doctype html>
  <html>
    <head>
      <!-- FIELD_VALIDATION_ERROR -->
      <meta charset="utf-8">
      <link rel="shortcut icon" href="//static.hsappstatic.net/StyleGuideUI/static-3.60/img/sprocket/favicon.ico" type="image/x-icon">

      <title>Your submission wasn&#39;t valid</title>

      <style>
        html, body { height: 100% }
        body {
          padding: 0;
          margin: 0;
          color: #425b76;
          font-size: 0.875rem;
          line-height: 1.65rem;
          background: #f9fbfd;
          font-family: "Lexend Deca",Helvetica,Arial,sans-serif;
        }
        .outer-container {
          position: relative;
          height: 100%
        }
        .inner-container {
          position: absolute;
          top: 50%;
          left: 50%;
          transform: translate(-50%, -50%);
          max-width: 640px;
          margin: 0 auto;
          background: white;
          box-shadow: 0 1px 4px 0 rgba(0,0,0,0.1);
          border-radius: 0.1875rem;
          padding: 2rem;
        }
        h1, h3 {
          font-weight: 500;
          -webkit-font-smoothing: antialiased;
          -moz-osx-font-smoothing: grayscale;
          font-smoothing: antialiased;
          text-shadow: 0 0 1px transparent;
          line-height: normal;
        }
        h1 {
          font-size: 1.65rem;
          margin-bottom: 1.25rem;
          margin-top: 0;
          position: relative;
        }
        h1::after {
          background-color: #cbd6e2;
          bottom: -10px;
          left: 0;
          width: 100%;
          content: ' ';
          height: 1px;
          position: absolute;
        }
        h3 {
          font-size: 1.45rem;
          margin-bottom: 0.8rem;
          margin-top: 0;
          position: relative;
        }
        a {
          color: #00a4bd;
          text-decoration: none;
        }
        a:hover {
          text-decoration: underline;
        }
      </style>
    </head>
    <body>
      <div class="outer-container">
        <div class="inner-container">
    <h1>Sorry, this submission wasn't valid</h1>
    <ul>
            <li>Field email encountered BLOCKED_EMAIL error.</li>
    </ul>
    <p>Please fix the errors in your submission and retry</p>

        </div>
      </div>
    </body>
  </html>

[09-Jan-2026 03:55:14 UTC] V3 failed (400):  | {"status":"error","message":"The request is not valid","correlationId":"393f6800-f47a-465f-bc7b-291c71a53790","errors":[{"message":"Error in 'context.hutk'. '' is not a valid Hutk","errorType":"INVALID_HUTK"}]}
[09-Jan-2026 03:55:14 UTC] V2 failed (400):  | 

  <!doctype html>
  <html>
    <head>
      <!-- FIELD_VALIDATION_ERROR -->
      <meta charset="utf-8">
      <link rel="shortcut icon" href="//static.hsappstatic.net/StyleGuideUI/static-3.60/img/sprocket/favicon.ico" type="image/x-icon">

      <title>Your submission wasn&#39;t valid</title>

      <style>
        html, body { height: 100% }
        body {
          padding: 0;
          margin: 0;
          color: #425b76;
          font-size: 0.875rem;
          line-height: 1.65rem;
          background: #f9fbfd;
          font-family: "Lexend Deca",Helvetica,Arial,sans-serif;
        }
        .outer-container {
          position: relative;
          height: 100%
        }
        .inner-container {
          position: absolute;
          top: 50%;
          left: 50%;
          transform: translate(-50%, -50%);
          max-width: 640px;
          margin: 0 auto;
          background: white;
          box-shadow: 0 1px 4px 0 rgba(0,0,0,0.1);
          border-radius: 0.1875rem;
          padding: 2rem;
        }
        h1, h3 {
          font-weight: 500;
          -webkit-font-smoothing: antialiased;
          -moz-osx-font-smoothing: grayscale;
          font-smoothing: antialiased;
          text-shadow: 0 0 1px transparent;
          line-height: normal;
        }
        h1 {
          font-size: 1.65rem;
          margin-bottom: 1.25rem;
          margin-top: 0;
          position: relative;
        }
        h1::after {
          background-color: #cbd6e2;
          bottom: -10px;
          left: 0;
          width: 100%;
          content: ' ';
          height: 1px;
          position: absolute;
        }
        h3 {
          font-size: 1.45rem;
          margin-bottom: 0.8rem;
          margin-top: 0;
          position: relative;
        }
        a {
          color: #00a4bd;
          text-decoration: none;
        }
        a:hover {
          text-decoration: underline;
        }
      </style>
    </head>
    <body>
      <div class="outer-container">
        <div class="inner-container">
    <h1>Sorry, this submission wasn't valid</h1>
    <ul>
            <li>Field email encountered BLOCKED_EMAIL error.</li>
    </ul>
    <p>Please fix the errors in your submission and retry</p>

        </div>
      </div>
    </body>
  </html>

[11-Jan-2026 06:48:17 UTC] V3 failed (400):  | {"status":"error","message":"The request is not valid","correlationId":"c937984f-9d6a-45f1-8c52-bc78a0cd66e4","errors":[{"message":"Error in 'context.hutk'. '' is not a valid Hutk","errorType":"INVALID_HUTK"}]}
[11-Jan-2026 06:48:17 UTC] V2 failed (400):  | 

  <!doctype html>
  <html>
    <head>
      <!-- FIELD_VALIDATION_ERROR -->
      <meta charset="utf-8">
      <link rel="shortcut icon" href="//static.hsappstatic.net/StyleGuideUI/static-3.60/img/sprocket/favicon.ico" type="image/x-icon">

      <title>Your submission wasn&#39;t valid</title>

      <style>
        html, body { height: 100% }
        body {
          padding: 0;
          margin: 0;
          color: #425b76;
          font-size: 0.875rem;
          line-height: 1.65rem;
          background: #f9fbfd;
          font-family: "Lexend Deca",Helvetica,Arial,sans-serif;
        }
        .outer-container {
          position: relative;
          height: 100%
        }
        .inner-container {
          position: absolute;
          top: 50%;
          left: 50%;
          transform: translate(-50%, -50%);
          max-width: 640px;
          margin: 0 auto;
          background: white;
          box-shadow: 0 1px 4px 0 rgba(0,0,0,0.1);
          border-radius: 0.1875rem;
          padding: 2rem;
        }
        h1, h3 {
          font-weight: 500;
          -webkit-font-smoothing: antialiased;
          -moz-osx-font-smoothing: grayscale;
          font-smoothing: antialiased;
          text-shadow: 0 0 1px transparent;
          line-height: normal;
        }
        h1 {
          font-size: 1.65rem;
          margin-bottom: 1.25rem;
          margin-top: 0;
          position: relative;
        }
        h1::after {
          background-color: #cbd6e2;
          bottom: -10px;
          left: 0;
          width: 100%;
          content: ' ';
          height: 1px;
          position: absolute;
        }
        h3 {
          font-size: 1.45rem;
          margin-bottom: 0.8rem;
          margin-top: 0;
          position: relative;
        }
        a {
          color: #00a4bd;
          text-decoration: none;
        }
        a:hover {
          text-decoration: underline;
        }
      </style>
    </head>
    <body>
      <div class="outer-container">
        <div class="inner-container">
    <h1>Sorry, this submission wasn't valid</h1>
    <ul>
            <li>Field email encountered BLOCKED_EMAIL error.</li>
    </ul>
    <p>Please fix the errors in your submission and retry</p>

        </div>
      </div>
    </body>
  </html>

[11-Jan-2026 11:26:56 UTC] V3 failed (400):  | {"status":"error","message":"The request is not valid","correlationId":"705b3237-d9ca-48b3-b496-033d186fdc1a","errors":[{"message":"Error in 'context.hutk'. '' is not a valid Hutk","errorType":"INVALID_HUTK"}]}
[11-Jan-2026 11:26:56 UTC] V2 failed (400):  | 

  <!doctype html>
  <html>
    <head>
      <!-- FIELD_VALIDATION_ERROR -->
      <meta charset="utf-8">
      <link rel="shortcut icon" href="//static.hsappstatic.net/StyleGuideUI/static-3.60/img/sprocket/favicon.ico" type="image/x-icon">

      <title>Your submission wasn&#39;t valid</title>

      <style>
        html, body { height: 100% }
        body {
          padding: 0;
          margin: 0;
          color: #425b76;
          font-size: 0.875rem;
          line-height: 1.65rem;
          background: #f9fbfd;
          font-family: "Lexend Deca",Helvetica,Arial,sans-serif;
        }
        .outer-container {
          position: relative;
          height: 100%
        }
        .inner-container {
          position: absolute;
          top: 50%;
          left: 50%;
          transform: translate(-50%, -50%);
          max-width: 640px;
          margin: 0 auto;
          background: white;
          box-shadow: 0 1px 4px 0 rgba(0,0,0,0.1);
          border-radius: 0.1875rem;
          padding: 2rem;
        }
        h1, h3 {
          font-weight: 500;
          -webkit-font-smoothing: antialiased;
          -moz-osx-font-smoothing: grayscale;
          font-smoothing: antialiased;
          text-shadow: 0 0 1px transparent;
          line-height: normal;
        }
        h1 {
          font-size: 1.65rem;
          margin-bottom: 1.25rem;
          margin-top: 0;
          position: relative;
        }
        h1::after {
          background-color: #cbd6e2;
          bottom: -10px;
          left: 0;
          width: 100%;
          content: ' ';
          height: 1px;
          position: absolute;
        }
        h3 {
          font-size: 1.45rem;
          margin-bottom: 0.8rem;
          margin-top: 0;
          position: relative;
        }
        a {
          color: #00a4bd;
          text-decoration: none;
        }
        a:hover {
          text-decoration: underline;
        }
      </style>
    </head>
    <body>
      <div class="outer-container">
        <div class="inner-container">
    <h1>Sorry, this submission wasn't valid</h1>
    <ul>
            <li>Field email encountered BLOCKED_EMAIL error.</li>
    </ul>
    <p>Please fix the errors in your submission and retry</p>

        </div>
      </div>
    </body>
  </html>

[12-Jan-2026 06:41:55 UTC] V3 failed (400):  | {"status":"error","message":"The request is not valid","correlationId":"934e30cc-ad8d-44ea-ba8b-fbd51468433f","errors":[{"message":"Error in 'context.hutk'. '' is not a valid Hutk","errorType":"INVALID_HUTK"}]}
[12-Jan-2026 06:41:55 UTC] V2 failed (400):  | 

  <!doctype html>
  <html>
    <head>
      <!-- FIELD_VALIDATION_ERROR -->
      <meta charset="utf-8">
      <link rel="shortcut icon" href="//static.hsappstatic.net/StyleGuideUI/static-3.60/img/sprocket/favicon.ico" type="image/x-icon">

      <title>Your submission wasn&#39;t valid</title>

      <style>
        html, body { height: 100% }
        body {
          padding: 0;
          margin: 0;
          color: #425b76;
          font-size: 0.875rem;
          line-height: 1.65rem;
          background: #f9fbfd;
          font-family: "Lexend Deca",Helvetica,Arial,sans-serif;
        }
        .outer-container {
          position: relative;
          height: 100%
        }
        .inner-container {
          position: absolute;
          top: 50%;
          left: 50%;
          transform: translate(-50%, -50%);
          max-width: 640px;
          margin: 0 auto;
          background: white;
          box-shadow: 0 1px 4px 0 rgba(0,0,0,0.1);
          border-radius: 0.1875rem;
          padding: 2rem;
        }
        h1, h3 {
          font-weight: 500;
          -webkit-font-smoothing: antialiased;
          -moz-osx-font-smoothing: grayscale;
          font-smoothing: antialiased;
          text-shadow: 0 0 1px transparent;
          line-height: normal;
        }
        h1 {
          font-size: 1.65rem;
          margin-bottom: 1.25rem;
          margin-top: 0;
          position: relative;
        }
        h1::after {
          background-color: #cbd6e2;
          bottom: -10px;
          left: 0;
          width: 100%;
          content: ' ';
          height: 1px;
          position: absolute;
        }
        h3 {
          font-size: 1.45rem;
          margin-bottom: 0.8rem;
          margin-top: 0;
          position: relative;
        }
        a {
          color: #00a4bd;
          text-decoration: none;
        }
        a:hover {
          text-decoration: underline;
        }
      </style>
    </head>
    <body>
      <div class="outer-container">
        <div class="inner-container">
    <h1>Sorry, this submission wasn't valid</h1>
    <ul>
            <li>Field email encountered BLOCKED_EMAIL error.</li>
    </ul>
    <p>Please fix the errors in your submission and retry</p>

        </div>
      </div>
    </body>
  </html>

[12-Jan-2026 20:33:59 UTC] V3 failed (400):  | {"status":"error","message":"The request is not valid","correlationId":"5932c5ca-92aa-4ce2-8f83-37e4bd65fc5b","errors":[{"message":"Error in 'context.hutk'. '' is not a valid Hutk","errorType":"INVALID_HUTK"}]}
[13-Jan-2026 08:26:35 UTC] V3 failed (400):  | {"status":"error","message":"The request is not valid","correlationId":"41a00e49-8345-4406-a7e0-bc7a4d0afe5c","errors":[{"message":"Error in 'context.hutk'. '' is not a valid Hutk","errorType":"INVALID_HUTK"}]}
[13-Jan-2026 08:26:35 UTC] V2 failed (400):  | 

  <!doctype html>
  <html>
    <head>
      <!-- FIELD_VALIDATION_ERROR -->
      <meta charset="utf-8">
      <link rel="shortcut icon" href="//static.hsappstatic.net/StyleGuideUI/static-3.60/img/sprocket/favicon.ico" type="image/x-icon">

      <title>Your submission wasn&#39;t valid</title>

      <style>
        html, body { height: 100% }
        body {
          padding: 0;
          margin: 0;
          color: #425b76;
          font-size: 0.875rem;
          line-height: 1.65rem;
          background: #f9fbfd;
          font-family: "Lexend Deca",Helvetica,Arial,sans-serif;
        }
        .outer-container {
          position: relative;
          height: 100%
        }
        .inner-container {
          position: absolute;
          top: 50%;
          left: 50%;
          transform: translate(-50%, -50%);
          max-width: 640px;
          margin: 0 auto;
          background: white;
          box-shadow: 0 1px 4px 0 rgba(0,0,0,0.1);
          border-radius: 0.1875rem;
          padding: 2rem;
        }
        h1, h3 {
          font-weight: 500;
          -webkit-font-smoothing: antialiased;
          -moz-osx-font-smoothing: grayscale;
          font-smoothing: antialiased;
          text-shadow: 0 0 1px transparent;
          line-height: normal;
        }
        h1 {
          font-size: 1.65rem;
          margin-bottom: 1.25rem;
          margin-top: 0;
          position: relative;
        }
        h1::after {
          background-color: #cbd6e2;
          bottom: -10px;
          left: 0;
          width: 100%;
          content: ' ';
          height: 1px;
          position: absolute;
        }
        h3 {
          font-size: 1.45rem;
          margin-bottom: 0.8rem;
          margin-top: 0;
          position: relative;
        }
        a {
          color: #00a4bd;
          text-decoration: none;
        }
        a:hover {
          text-decoration: underline;
        }
      </style>
    </head>
    <body>
      <div class="outer-container">
        <div class="inner-container">
    <h1>Sorry, this submission wasn't valid</h1>
    <ul>
            <li>Field email encountered BLOCKED_EMAIL error.</li>
    </ul>
    <p>Please fix the errors in your submission and retry</p>

        </div>
      </div>
    </body>
  </html>

[13-Jan-2026 15:12:37 UTC] V3 failed (400):  | {"status":"error","message":"The request is not valid","correlationId":"e3099485-31be-413e-b7d3-c20afff00160","errors":[{"message":"Error in 'context.hutk'. '' is not a valid Hutk","errorType":"INVALID_HUTK"}]}
[13-Jan-2026 15:12:37 UTC] V2 failed (400):  | 

  <!doctype html>
  <html>
    <head>
      <!-- FIELD_VALIDATION_ERROR -->
      <meta charset="utf-8">
      <link rel="shortcut icon" href="//static.hsappstatic.net/StyleGuideUI/static-3.60/img/sprocket/favicon.ico" type="image/x-icon">

      <title>Your submission wasn&#39;t valid</title>

      <style>
        html, body { height: 100% }
        body {
          padding: 0;
          margin: 0;
          color: #425b76;
          font-size: 0.875rem;
          line-height: 1.65rem;
          background: #f9fbfd;
          font-family: "Lexend Deca",Helvetica,Arial,sans-serif;
        }
        .outer-container {
          position: relative;
          height: 100%
        }
        .inner-container {
          position: absolute;
          top: 50%;
          left: 50%;
          transform: translate(-50%, -50%);
          max-width: 640px;
          margin: 0 auto;
          background: white;
          box-shadow: 0 1px 4px 0 rgba(0,0,0,0.1);
          border-radius: 0.1875rem;
          padding: 2rem;
        }
        h1, h3 {
          font-weight: 500;
          -webkit-font-smoothing: antialiased;
          -moz-osx-font-smoothing: grayscale;
          font-smoothing: antialiased;
          text-shadow: 0 0 1px transparent;
          line-height: normal;
        }
        h1 {
          font-size: 1.65rem;
          margin-bottom: 1.25rem;
          margin-top: 0;
          position: relative;
        }
        h1::after {
          background-color: #cbd6e2;
          bottom: -10px;
          left: 0;
          width: 100%;
          content: ' ';
          height: 1px;
          position: absolute;
        }
        h3 {
          font-size: 1.45rem;
          margin-bottom: 0.8rem;
          margin-top: 0;
          position: relative;
        }
        a {
          color: #00a4bd;
          text-decoration: none;
        }
        a:hover {
          text-decoration: underline;
        }
      </style>
    </head>
    <body>
      <div class="outer-container">
        <div class="inner-container">
    <h1>Sorry, this submission wasn't valid</h1>
    <ul>
            <li>Field email encountered BLOCKED_EMAIL error.</li>
    </ul>
    <p>Please fix the errors in your submission and retry</p>

        </div>
      </div>
    </body>
  </html>

[14-Jan-2026 08:18:19 UTC] Missing fields: firstname,lastname,email,phone,service,company
[14-Jan-2026 16:31:06 UTC] V3 failed (400):  | {"status":"error","message":"The request is not valid","correlationId":"4ad2cd89-14c4-4266-bed4-6087ac2f1eec","errors":[{"message":"Error in 'context.hutk'. '' is not a valid Hutk","errorType":"INVALID_HUTK"}]}
[14-Jan-2026 16:31:06 UTC] V2 failed (400):  | 

  <!doctype html>
  <html>
    <head>
      <!-- FIELD_VALIDATION_ERROR -->
      <meta charset="utf-8">
      <link rel="shortcut icon" href="//static.hsappstatic.net/StyleGuideUI/static-3.60/img/sprocket/favicon.ico" type="image/x-icon">

      <title>Your submission wasn&#39;t valid</title>

      <style>
        html, body { height: 100% }
        body {
          padding: 0;
          margin: 0;
          color: #425b76;
          font-size: 0.875rem;
          line-height: 1.65rem;
          background: #f9fbfd;
          font-family: "Lexend Deca",Helvetica,Arial,sans-serif;
        }
        .outer-container {
          position: relative;
          height: 100%
        }
        .inner-container {
          position: absolute;
          top: 50%;
          left: 50%;
          transform: translate(-50%, -50%);
          max-width: 640px;
          margin: 0 auto;
          background: white;
          box-shadow: 0 1px 4px 0 rgba(0,0,0,0.1);
          border-radius: 0.1875rem;
          padding: 2rem;
        }
        h1, h3 {
          font-weight: 500;
          -webkit-font-smoothing: antialiased;
          -moz-osx-font-smoothing: grayscale;
          font-smoothing: antialiased;
          text-shadow: 0 0 1px transparent;
          line-height: normal;
        }
        h1 {
          font-size: 1.65rem;
          margin-bottom: 1.25rem;
          margin-top: 0;
          position: relative;
        }
        h1::after {
          background-color: #cbd6e2;
          bottom: -10px;
          left: 0;
          width: 100%;
          content: ' ';
          height: 1px;
          position: absolute;
        }
        h3 {
          font-size: 1.45rem;
          margin-bottom: 0.8rem;
          margin-top: 0;
          position: relative;
        }
        a {
          color: #00a4bd;
          text-decoration: none;
        }
        a:hover {
          text-decoration: underline;
        }
      </style>
    </head>
    <body>
      <div class="outer-container">
        <div class="inner-container">
    <h1>Sorry, this submission wasn't valid</h1>
    <ul>
            <li>Field email encountered BLOCKED_EMAIL error.</li>
    </ul>
    <p>Please fix the errors in your submission and retry</p>

        </div>
      </div>
    </body>
  </html>

[18-Jan-2026 03:27:29 UTC] V3 failed (400):  | {"status":"error","message":"The request is not valid","correlationId":"e9346c5e-f40a-4345-beb3-f637bed60661","errors":[{"message":"Error in 'context.hutk'. '' is not a valid Hutk","errorType":"INVALID_HUTK"}]}
[18-Jan-2026 05:53:52 UTC] V3 failed (400):  | {"status":"error","message":"The request is not valid","correlationId":"963f9a35-d71a-4c2b-ae96-f5460fe9a901","errors":[{"message":"Error in 'context.hutk'. '' is not a valid Hutk","errorType":"INVALID_HUTK"}]}
[18-Jan-2026 05:53:52 UTC] V2 failed (400):  | 

  <!doctype html>
  <html>
    <head>
      <!-- FIELD_VALIDATION_ERROR -->
      <meta charset="utf-8">
      <link rel="shortcut icon" href="//static.hsappstatic.net/StyleGuideUI/static-3.60/img/sprocket/favicon.ico" type="image/x-icon">

      <title>Your submission wasn&#39;t valid</title>

      <style>
        html, body { height: 100% }
        body {
          padding: 0;
          margin: 0;
          color: #425b76;
          font-size: 0.875rem;
          line-height: 1.65rem;
          background: #f9fbfd;
          font-family: "Lexend Deca",Helvetica,Arial,sans-serif;
        }
        .outer-container {
          position: relative;
          height: 100%
        }
        .inner-container {
          position: absolute;
          top: 50%;
          left: 50%;
          transform: translate(-50%, -50%);
          max-width: 640px;
          margin: 0 auto;
          background: white;
          box-shadow: 0 1px 4px 0 rgba(0,0,0,0.1);
          border-radius: 0.1875rem;
          padding: 2rem;
        }
        h1, h3 {
          font-weight: 500;
          -webkit-font-smoothing: antialiased;
          -moz-osx-font-smoothing: grayscale;
          font-smoothing: antialiased;
          text-shadow: 0 0 1px transparent;
          line-height: normal;
        }
        h1 {
          font-size: 1.65rem;
          margin-bottom: 1.25rem;
          margin-top: 0;
          position: relative;
        }
        h1::after {
          background-color: #cbd6e2;
          bottom: -10px;
          left: 0;
          width: 100%;
          content: ' ';
          height: 1px;
          position: absolute;
        }
        h3 {
          font-size: 1.45rem;
          margin-bottom: 0.8rem;
          margin-top: 0;
          position: relative;
        }
        a {
          color: #00a4bd;
          text-decoration: none;
        }
        a:hover {
          text-decoration: underline;
        }
      </style>
    </head>
    <body>
      <div class="outer-container">
        <div class="inner-container">
    <h1>Sorry, this submission wasn't valid</h1>
    <ul>
            <li>Field email encountered BLOCKED_EMAIL error.</li>
    </ul>
    <p>Please fix the errors in your submission and retry</p>

        </div>
      </div>
    </body>
  </html>

[18-Jan-2026 15:50:07 UTC] Missing fields: firstname,lastname,email,phone,service,company
[19-Jan-2026 13:13:07 UTC] V3 failed (400):  | {"status":"error","message":"The request is not valid","correlationId":"0d006859-e4f0-4cad-97b2-8394afe4b898","errors":[{"message":"Error in 'context.hutk'. '' is not a valid Hutk","errorType":"INVALID_HUTK"}]}
[19-Jan-2026 13:13:07 UTC] V2 failed (400):  | 

  <!doctype html>
  <html>
    <head>
      <!-- FIELD_VALIDATION_ERROR -->
      <meta charset="utf-8">
      <link rel="shortcut icon" href="//static.hsappstatic.net/StyleGuideUI/static-3.60/img/sprocket/favicon.ico" type="image/x-icon">

      <title>Your submission wasn&#39;t valid</title>

      <style>
        html, body { height: 100% }
        body {
          padding: 0;
          margin: 0;
          color: #425b76;
          font-size: 0.875rem;
          line-height: 1.65rem;
          background: #f9fbfd;
          font-family: "Lexend Deca",Helvetica,Arial,sans-serif;
        }
        .outer-container {
          position: relative;
          height: 100%
        }
        .inner-container {
          position: absolute;
          top: 50%;
          left: 50%;
          transform: translate(-50%, -50%);
          max-width: 640px;
          margin: 0 auto;
          background: white;
          box-shadow: 0 1px 4px 0 rgba(0,0,0,0.1);
          border-radius: 0.1875rem;
          padding: 2rem;
        }
        h1, h3 {
          font-weight: 500;
          -webkit-font-smoothing: antialiased;
          -moz-osx-font-smoothing: grayscale;
          font-smoothing: antialiased;
          text-shadow: 0 0 1px transparent;
          line-height: normal;
        }
        h1 {
          font-size: 1.65rem;
          margin-bottom: 1.25rem;
          margin-top: 0;
          position: relative;
        }
        h1::after {
          background-color: #cbd6e2;
          bottom: -10px;
          left: 0;
          width: 100%;
          content: ' ';
          height: 1px;
          position: absolute;
        }
        h3 {
          font-size: 1.45rem;
          margin-bottom: 0.8rem;
          margin-top: 0;
          position: relative;
        }
        a {
          color: #00a4bd;
          text-decoration: none;
        }
        a:hover {
          text-decoration: underline;
        }
      </style>
    </head>
    <body>
      <div class="outer-container">
        <div class="inner-container">
    <h1>Sorry, this submission wasn't valid</h1>
    <ul>
            <li>Field email encountered BLOCKED_EMAIL error.</li>
    </ul>
    <p>Please fix the errors in your submission and retry</p>

        </div>
      </div>
    </body>
  </html>

[19-Jan-2026 13:55:41 UTC] V3 failed (400):  | {"status":"error","message":"The request is not valid","correlationId":"66b010e5-e479-45c4-b945-aef197058b70","errors":[{"message":"Error in 'context.hutk'. '' is not a valid Hutk","errorType":"INVALID_HUTK"}]}
[19-Jan-2026 13:55:41 UTC] V2 failed (400):  | 

  <!doctype html>
  <html>
    <head>
      <!-- FIELD_VALIDATION_ERROR -->
      <meta charset="utf-8">
      <link rel="shortcut icon" href="//static.hsappstatic.net/StyleGuideUI/static-3.60/img/sprocket/favicon.ico" type="image/x-icon">

      <title>Your submission wasn&#39;t valid</title>

      <style>
        html, body { height: 100% }
        body {
          padding: 0;
          margin: 0;
          color: #425b76;
          font-size: 0.875rem;
          line-height: 1.65rem;
          background: #f9fbfd;
          font-family: "Lexend Deca",Helvetica,Arial,sans-serif;
        }
        .outer-container {
          position: relative;
          height: 100%
        }
        .inner-container {
          position: absolute;
          top: 50%;
          left: 50%;
          transform: translate(-50%, -50%);
          max-width: 640px;
          margin: 0 auto;
          background: white;
          box-shadow: 0 1px 4px 0 rgba(0,0,0,0.1);
          border-radius: 0.1875rem;
          padding: 2rem;
        }
        h1, h3 {
          font-weight: 500;
          -webkit-font-smoothing: antialiased;
          -moz-osx-font-smoothing: grayscale;
          font-smoothing: antialiased;
          text-shadow: 0 0 1px transparent;
          line-height: normal;
        }
        h1 {
          font-size: 1.65rem;
          margin-bottom: 1.25rem;
          margin-top: 0;
          position: relative;
        }
        h1::after {
          background-color: #cbd6e2;
          bottom: -10px;
          left: 0;
          width: 100%;
          content: ' ';
          height: 1px;
          position: absolute;
        }
        h3 {
          font-size: 1.45rem;
          margin-bottom: 0.8rem;
          margin-top: 0;
          position: relative;
        }
        a {
          color: #00a4bd;
          text-decoration: none;
        }
        a:hover {
          text-decoration: underline;
        }
      </style>
    </head>
    <body>
      <div class="outer-container">
        <div class="inner-container">
    <h1>Sorry, this submission wasn't valid</h1>
    <ul>
            <li>Field email encountered BLOCKED_EMAIL error.</li>
    </ul>
    <p>Please fix the errors in your submission and retry</p>

        </div>
      </div>
    </body>
  </html>

[19-Jan-2026 20:47:53 UTC] V3 failed (400):  | {"status":"error","message":"The request is not valid","correlationId":"0cf422fa-398d-4916-9798-c693557c69c5","errors":[{"message":"Error in 'context.hutk'. '' is not a valid Hutk","errorType":"INVALID_HUTK"}]}
[19-Jan-2026 20:47:53 UTC] V2 failed (400):  | 

  <!doctype html>
  <html>
    <head>
      <!-- FIELD_VALIDATION_ERROR -->
      <meta charset="utf-8">
      <link rel="shortcut icon" href="//static.hsappstatic.net/StyleGuideUI/static-3.60/img/sprocket/favicon.ico" type="image/x-icon">

      <title>Your submission wasn&#39;t valid</title>

      <style>
        html, body { height: 100% }
        body {
          padding: 0;
          margin: 0;
          color: #425b76;
          font-size: 0.875rem;
          line-height: 1.65rem;
          background: #f9fbfd;
          font-family: "Lexend Deca",Helvetica,Arial,sans-serif;
        }
        .outer-container {
          position: relative;
          height: 100%
        }
        .inner-container {
          position: absolute;
          top: 50%;
          left: 50%;
          transform: translate(-50%, -50%);
          max-width: 640px;
          margin: 0 auto;
          background: white;
          box-shadow: 0 1px 4px 0 rgba(0,0,0,0.1);
          border-radius: 0.1875rem;
          padding: 2rem;
        }
        h1, h3 {
          font-weight: 500;
          -webkit-font-smoothing: antialiased;
          -moz-osx-font-smoothing: grayscale;
          font-smoothing: antialiased;
          text-shadow: 0 0 1px transparent;
          line-height: normal;
        }
        h1 {
          font-size: 1.65rem;
          margin-bottom: 1.25rem;
          margin-top: 0;
          position: relative;
        }
        h1::after {
          background-color: #cbd6e2;
          bottom: -10px;
          left: 0;
          width: 100%;
          content: ' ';
          height: 1px;
          position: absolute;
        }
        h3 {
          font-size: 1.45rem;
          margin-bottom: 0.8rem;
          margin-top: 0;
          position: relative;
        }
        a {
          color: #00a4bd;
          text-decoration: none;
        }
        a:hover {
          text-decoration: underline;
        }
      </style>
    </head>
    <body>
      <div class="outer-container">
        <div class="inner-container">
    <h1>Sorry, this submission wasn't valid</h1>
    <ul>
            <li>Field email encountered BLOCKED_EMAIL error.</li>
    </ul>
    <p>Please fix the errors in your submission and retry</p>

        </div>
      </div>
    </body>
  </html>

[20-Jan-2026 09:29:45 UTC] V3 failed (400):  | {"status":"error","message":"The request is not valid","correlationId":"b079ff1c-b8e7-4133-bddb-619b9208a8ef","errors":[{"message":"Error in 'context.hutk'. '' is not a valid Hutk","errorType":"INVALID_HUTK"}]}
[20-Jan-2026 09:29:45 UTC] V2 failed (400):  | 

  <!doctype html>
  <html>
    <head>
      <!-- FIELD_VALIDATION_ERROR -->
      <meta charset="utf-8">
      <link rel="shortcut icon" href="//static.hsappstatic.net/StyleGuideUI/static-3.60/img/sprocket/favicon.ico" type="image/x-icon">

      <title>Your submission wasn&#39;t valid</title>

      <style>
        html, body { height: 100% }
        body {
          padding: 0;
          margin: 0;
          color: #425b76;
          font-size: 0.875rem;
          line-height: 1.65rem;
          background: #f9fbfd;
          font-family: "Lexend Deca",Helvetica,Arial,sans-serif;
        }
        .outer-container {
          position: relative;
          height: 100%
        }
        .inner-container {
          position: absolute;
          top: 50%;
          left: 50%;
          transform: translate(-50%, -50%);
          max-width: 640px;
          margin: 0 auto;
          background: white;
          box-shadow: 0 1px 4px 0 rgba(0,0,0,0.1);
          border-radius: 0.1875rem;
          padding: 2rem;
        }
        h1, h3 {
          font-weight: 500;
          -webkit-font-smoothing: antialiased;
          -moz-osx-font-smoothing: grayscale;
          font-smoothing: antialiased;
          text-shadow: 0 0 1px transparent;
          line-height: normal;
        }
        h1 {
          font-size: 1.65rem;
          margin-bottom: 1.25rem;
          margin-top: 0;
          position: relative;
        }
        h1::after {
          background-color: #cbd6e2;
          bottom: -10px;
          left: 0;
          width: 100%;
          content: ' ';
          height: 1px;
          position: absolute;
        }
        h3 {
          font-size: 1.45rem;
          margin-bottom: 0.8rem;
          margin-top: 0;
          position: relative;
        }
        a {
          color: #00a4bd;
          text-decoration: none;
        }
        a:hover {
          text-decoration: underline;
        }
      </style>
    </head>
    <body>
      <div class="outer-container">
        <div class="inner-container">
    <h1>Sorry, this submission wasn't valid</h1>
    <ul>
            <li>Field email encountered BLOCKED_EMAIL error.</li>
    </ul>
    <p>Please fix the errors in your submission and retry</p>

        </div>
      </div>
    </body>
  </html>

[22-Jan-2026 00:20:52 UTC] Missing fields: service
[22-Jan-2026 06:58:47 UTC] Missing fields: firstname,lastname,email,phone,service,company
[25-Jan-2026 21:23:26 UTC] V3 failed (400):  | {"status":"error","message":"The request is not valid","correlationId":"cfb12f14-478a-461d-9585-962a2a9cc797","errors":[{"message":"Error in 'context.hutk'. '' is not a valid Hutk","errorType":"INVALID_HUTK"}]}
[25-Jan-2026 21:23:26 UTC] V2 failed (400):  | 

  <!doctype html>
  <html>
    <head>
      <!-- FIELD_VALIDATION_ERROR -->
      <meta charset="utf-8">
      <link rel="shortcut icon" href="//static.hsappstatic.net/StyleGuideUI/static-3.60/img/sprocket/favicon.ico" type="image/x-icon">

      <title>Your submission wasn&#39;t valid</title>

      <style>
        html, body { height: 100% }
        body {
          padding: 0;
          margin: 0;
          color: #425b76;
          font-size: 0.875rem;
          line-height: 1.65rem;
          background: #f9fbfd;
          font-family: "Lexend Deca",Helvetica,Arial,sans-serif;
        }
        .outer-container {
          position: relative;
          height: 100%
        }
        .inner-container {
          position: absolute;
          top: 50%;
          left: 50%;
          transform: translate(-50%, -50%);
          max-width: 640px;
          margin: 0 auto;
          background: white;
          box-shadow: 0 1px 4px 0 rgba(0,0,0,0.1);
          border-radius: 0.1875rem;
          padding: 2rem;
        }
        h1, h3 {
          font-weight: 500;
          -webkit-font-smoothing: antialiased;
          -moz-osx-font-smoothing: grayscale;
          font-smoothing: antialiased;
          text-shadow: 0 0 1px transparent;
          line-height: normal;
        }
        h1 {
          font-size: 1.65rem;
          margin-bottom: 1.25rem;
          margin-top: 0;
          position: relative;
        }
        h1::after {
          background-color: #cbd6e2;
          bottom: -10px;
          left: 0;
          width: 100%;
          content: ' ';
          height: 1px;
          position: absolute;
        }
        h3 {
          font-size: 1.45rem;
          margin-bottom: 0.8rem;
          margin-top: 0;
          position: relative;
        }
        a {
          color: #00a4bd;
          text-decoration: none;
        }
        a:hover {
          text-decoration: underline;
        }
      </style>
    </head>
    <body>
      <div class="outer-container">
        <div class="inner-container">
    <h1>Sorry, this submission wasn't valid</h1>
    <ul>
            <li>Field email encountered BLOCKED_EMAIL error.</li>
    </ul>
    <p>Please fix the errors in your submission and retry</p>

        </div>
      </div>
    </body>
  </html>

[25-Jan-2026 22:14:41 UTC] V3 failed (400):  | {"status":"error","message":"The request is not valid","correlationId":"6af4347b-dd59-451d-8dcf-94351b9829d8","errors":[{"message":"Error in 'context.hutk'. '' is not a valid Hutk","errorType":"INVALID_HUTK"}]}
[25-Jan-2026 22:14:41 UTC] V2 failed (400):  | 

  <!doctype html>
  <html>
    <head>
      <!-- FIELD_VALIDATION_ERROR -->
      <meta charset="utf-8">
      <link rel="shortcut icon" href="//static.hsappstatic.net/StyleGuideUI/static-3.60/img/sprocket/favicon.ico" type="image/x-icon">

      <title>Your submission wasn&#39;t valid</title>

      <style>
        html, body { height: 100% }
        body {
          padding: 0;
          margin: 0;
          color: #425b76;
          font-size: 0.875rem;
          line-height: 1.65rem;
          background: #f9fbfd;
          font-family: "Lexend Deca",Helvetica,Arial,sans-serif;
        }
        .outer-container {
          position: relative;
          height: 100%
        }
        .inner-container {
          position: absolute;
          top: 50%;
          left: 50%;
          transform: translate(-50%, -50%);
          max-width: 640px;
          margin: 0 auto;
          background: white;
          box-shadow: 0 1px 4px 0 rgba(0,0,0,0.1);
          border-radius: 0.1875rem;
          padding: 2rem;
        }
        h1, h3 {
          font-weight: 500;
          -webkit-font-smoothing: antialiased;
          -moz-osx-font-smoothing: grayscale;
          font-smoothing: antialiased;
          text-shadow: 0 0 1px transparent;
          line-height: normal;
        }
        h1 {
          font-size: 1.65rem;
          margin-bottom: 1.25rem;
          margin-top: 0;
          position: relative;
        }
        h1::after {
          background-color: #cbd6e2;
          bottom: -10px;
          left: 0;
          width: 100%;
          content: ' ';
          height: 1px;
          position: absolute;
        }
        h3 {
          font-size: 1.45rem;
          margin-bottom: 0.8rem;
          margin-top: 0;
          position: relative;
        }
        a {
          color: #00a4bd;
          text-decoration: none;
        }
        a:hover {
          text-decoration: underline;
        }
      </style>
    </head>
    <body>
      <div class="outer-container">
        <div class="inner-container">
    <h1>Sorry, this submission wasn't valid</h1>
    <ul>
            <li>Field email encountered BLOCKED_EMAIL error.</li>
    </ul>
    <p>Please fix the errors in your submission and retry</p>

        </div>
      </div>
    </body>
  </html>

[28-Jan-2026 03:17:34 UTC] V3 failed (400):  | {"status":"error","message":"The request is not valid","correlationId":"c6733e8d-7cc0-47db-a262-d1c338e44be1","errors":[{"message":"Error in 'context.hutk'. '' is not a valid Hutk","errorType":"INVALID_HUTK"}]}
[28-Jan-2026 03:17:35 UTC] V2 failed (400):  | 

  <!doctype html>
  <html>
    <head>
      <!-- FIELD_VALIDATION_ERROR -->
      <meta charset="utf-8">
      <link rel="shortcut icon" href="//static.hsappstatic.net/StyleGuideUI/static-3.60/img/sprocket/favicon.ico" type="image/x-icon">

      <title>Your submission wasn&#39;t valid</title>

      <style>
        html, body { height: 100% }
        body {
          padding: 0;
          margin: 0;
          color: #425b76;
          font-size: 0.875rem;
          line-height: 1.65rem;
          background: #f9fbfd;
          font-family: "Lexend Deca",Helvetica,Arial,sans-serif;
        }
        .outer-container {
          position: relative;
          height: 100%
        }
        .inner-container {
          position: absolute;
          top: 50%;
          left: 50%;
          transform: translate(-50%, -50%);
          max-width: 640px;
          margin: 0 auto;
          background: white;
          box-shadow: 0 1px 4px 0 rgba(0,0,0,0.1);
          border-radius: 0.1875rem;
          padding: 2rem;
        }
        h1, h3 {
          font-weight: 500;
          -webkit-font-smoothing: antialiased;
          -moz-osx-font-smoothing: grayscale;
          font-smoothing: antialiased;
          text-shadow: 0 0 1px transparent;
          line-height: normal;
        }
        h1 {
          font-size: 1.65rem;
          margin-bottom: 1.25rem;
          margin-top: 0;
          position: relative;
        }
        h1::after {
          background-color: #cbd6e2;
          bottom: -10px;
          left: 0;
          width: 100%;
          content: ' ';
          height: 1px;
          position: absolute;
        }
        h3 {
          font-size: 1.45rem;
          margin-bottom: 0.8rem;
          margin-top: 0;
          position: relative;
        }
        a {
          color: #00a4bd;
          text-decoration: none;
        }
        a:hover {
          text-decoration: underline;
        }
      </style>
    </head>
    <body>
      <div class="outer-container">
        <div class="inner-container">
    <h1>Sorry, this submission wasn't valid</h1>
    <ul>
            <li>Field email encountered BLOCKED_EMAIL error.</li>
    </ul>
    <p>Please fix the errors in your submission and retry</p>

        </div>
      </div>
    </body>
  </html>

[30-Jan-2026 12:35:38 UTC] Missing fields: firstname,lastname,email,phone,service,company
[30-Jan-2026 15:21:28 UTC] V3 failed (400):  | {"status":"error","message":"The request is not valid","correlationId":"a2b94e56-2623-4460-ae79-63ba66251eb6","errors":[{"message":"Error in 'context.hutk'. '' is not a valid Hutk","errorType":"INVALID_HUTK"}]}
[30-Jan-2026 15:21:29 UTC] V2 failed (400):  | 

  <!doctype html>
  <html>
    <head>
      <!-- FIELD_VALIDATION_ERROR -->
      <meta charset="utf-8">
      <link rel="shortcut icon" href="//static.hsappstatic.net/StyleGuideUI/static-3.60/img/sprocket/favicon.ico" type="image/x-icon">

      <title>Your submission wasn&#39;t valid</title>

      <style>
        html, body { height: 100% }
        body {
          padding: 0;
          margin: 0;
          color: #425b76;
          font-size: 0.875rem;
          line-height: 1.65rem;
          background: #f9fbfd;
          font-family: "Lexend Deca",Helvetica,Arial,sans-serif;
        }
        .outer-container {
          position: relative;
          height: 100%
        }
        .inner-container {
          position: absolute;
          top: 50%;
          left: 50%;
          transform: translate(-50%, -50%);
          max-width: 640px;
          margin: 0 auto;
          background: white;
          box-shadow: 0 1px 4px 0 rgba(0,0,0,0.1);
          border-radius: 0.1875rem;
          padding: 2rem;
        }
        h1, h3 {
          font-weight: 500;
          -webkit-font-smoothing: antialiased;
          -moz-osx-font-smoothing: grayscale;
          font-smoothing: antialiased;
          text-shadow: 0 0 1px transparent;
          line-height: normal;
        }
        h1 {
          font-size: 1.65rem;
          margin-bottom: 1.25rem;
          margin-top: 0;
          position: relative;
        }
        h1::after {
          background-color: #cbd6e2;
          bottom: -10px;
          left: 0;
          width: 100%;
          content: ' ';
          height: 1px;
          position: absolute;
        }
        h3 {
          font-size: 1.45rem;
          margin-bottom: 0.8rem;
          margin-top: 0;
          position: relative;
        }
        a {
          color: #00a4bd;
          text-decoration: none;
        }
        a:hover {
          text-decoration: underline;
        }
      </style>
    </head>
    <body>
      <div class="outer-container">
        <div class="inner-container">
    <h1>Sorry, this submission wasn't valid</h1>
    <ul>
            <li>Field email encountered BLOCKED_EMAIL error.</li>
    </ul>
    <p>Please fix the errors in your submission and retry</p>

        </div>
      </div>
    </body>
  </html>

[01-Feb-2026 18:57:58 UTC] V3 failed (400):  | {"status":"error","message":"The request is not valid","correlationId":"6038c1d9-c119-4055-90fd-e3a3ae9e28d2","errors":[{"message":"Error in 'context.hutk'. '' is not a valid Hutk","errorType":"INVALID_HUTK"}]}
[01-Feb-2026 18:57:58 UTC] V2 failed (400):  | 

  <!doctype html>
  <html>
    <head>
      <!-- FIELD_VALIDATION_ERROR -->
      <meta charset="utf-8">
      <link rel="shortcut icon" href="//static.hsappstatic.net/StyleGuideUI/static-3.60/img/sprocket/favicon.ico" type="image/x-icon">

      <title>Your submission wasn&#39;t valid</title>

      <style>
        html, body { height: 100% }
        body {
          padding: 0;
          margin: 0;
          color: #425b76;
          font-size: 0.875rem;
          line-height: 1.65rem;
          background: #f9fbfd;
          font-family: "Lexend Deca",Helvetica,Arial,sans-serif;
        }
        .outer-container {
          position: relative;
          height: 100%
        }
        .inner-container {
          position: absolute;
          top: 50%;
          left: 50%;
          transform: translate(-50%, -50%);
          max-width: 640px;
          margin: 0 auto;
          background: white;
          box-shadow: 0 1px 4px 0 rgba(0,0,0,0.1);
          border-radius: 0.1875rem;
          padding: 2rem;
        }
        h1, h3 {
          font-weight: 500;
          -webkit-font-smoothing: antialiased;
          -moz-osx-font-smoothing: grayscale;
          font-smoothing: antialiased;
          text-shadow: 0 0 1px transparent;
          line-height: normal;
        }
        h1 {
          font-size: 1.65rem;
          margin-bottom: 1.25rem;
          margin-top: 0;
          position: relative;
        }
        h1::after {
          background-color: #cbd6e2;
          bottom: -10px;
          left: 0;
          width: 100%;
          content: ' ';
          height: 1px;
          position: absolute;
        }
        h3 {
          font-size: 1.45rem;
          margin-bottom: 0.8rem;
          margin-top: 0;
          position: relative;
        }
        a {
          color: #00a4bd;
          text-decoration: none;
        }
        a:hover {
          text-decoration: underline;
        }
      </style>
    </head>
    <body>
      <div class="outer-container">
        <div class="inner-container">
    <h1>Sorry, this submission wasn't valid</h1>
    <ul>
            <li>Field email encountered BLOCKED_EMAIL error.</li>
    </ul>
    <p>Please fix the errors in your submission and retry</p>

        </div>
      </div>
    </body>
  </html>

[01-Feb-2026 18:57:59 UTC] V3 failed (400):  | {"status":"error","message":"The request is not valid","correlationId":"cfca5a36-a82b-4fb7-be7f-cbe11d9dd8ea","errors":[{"message":"Error in 'context.hutk'. '' is not a valid Hutk","errorType":"INVALID_HUTK"}]}
[01-Feb-2026 18:57:59 UTC] V2 failed (400):  | 

  <!doctype html>
  <html>
    <head>
      <!-- FIELD_VALIDATION_ERROR -->
      <meta charset="utf-8">
      <link rel="shortcut icon" href="//static.hsappstatic.net/StyleGuideUI/static-3.60/img/sprocket/favicon.ico" type="image/x-icon">

      <title>Your submission wasn&#39;t valid</title>

      <style>
        html, body { height: 100% }
        body {
          padding: 0;
          margin: 0;
          color: #425b76;
          font-size: 0.875rem;
          line-height: 1.65rem;
          background: #f9fbfd;
          font-family: "Lexend Deca",Helvetica,Arial,sans-serif;
        }
        .outer-container {
          position: relative;
          height: 100%
        }
        .inner-container {
          position: absolute;
          top: 50%;
          left: 50%;
          transform: translate(-50%, -50%);
          max-width: 640px;
          margin: 0 auto;
          background: white;
          box-shadow: 0 1px 4px 0 rgba(0,0,0,0.1);
          border-radius: 0.1875rem;
          padding: 2rem;
        }
        h1, h3 {
          font-weight: 500;
          -webkit-font-smoothing: antialiased;
          -moz-osx-font-smoothing: grayscale;
          font-smoothing: antialiased;
          text-shadow: 0 0 1px transparent;
          line-height: normal;
        }
        h1 {
          font-size: 1.65rem;
          margin-bottom: 1.25rem;
          margin-top: 0;
          position: relative;
        }
        h1::after {
          background-color: #cbd6e2;
          bottom: -10px;
          left: 0;
          width: 100%;
          content: ' ';
          height: 1px;
          position: absolute;
        }
        h3 {
          font-size: 1.45rem;
          margin-bottom: 0.8rem;
          margin-top: 0;
          position: relative;
        }
        a {
          color: #00a4bd;
          text-decoration: none;
        }
        a:hover {
          text-decoration: underline;
        }
      </style>
    </head>
    <body>
      <div class="outer-container">
        <div class="inner-container">
    <h1>Sorry, this submission wasn't valid</h1>
    <ul>
            <li>Field email encountered BLOCKED_EMAIL error.</li>
    </ul>
    <p>Please fix the errors in your submission and retry</p>

        </div>
      </div>
    </body>
  </html>

[02-Feb-2026 08:58:55 UTC] V3 failed (400):  | {"status":"error","message":"The request is not valid","correlationId":"39f09b21-2cae-4a23-8310-a0312d6e3083","errors":[{"message":"Error in 'context.hutk'. '' is not a valid Hutk","errorType":"INVALID_HUTK"}]}
[02-Feb-2026 08:58:55 UTC] V2 failed (400):  | 

  <!doctype html>
  <html>
    <head>
      <!-- FIELD_VALIDATION_ERROR -->
      <meta charset="utf-8">
      <link rel="shortcut icon" href="//static.hsappstatic.net/StyleGuideUI/static-3.60/img/sprocket/favicon.ico" type="image/x-icon">

      <title>Your submission wasn&#39;t valid</title>

      <style>
        html, body { height: 100% }
        body {
          padding: 0;
          margin: 0;
          color: #425b76;
          font-size: 0.875rem;
          line-height: 1.65rem;
          background: #f9fbfd;
          font-family: "Lexend Deca",Helvetica,Arial,sans-serif;
        }
        .outer-container {
          position: relative;
          height: 100%
        }
        .inner-container {
          position: absolute;
          top: 50%;
          left: 50%;
          transform: translate(-50%, -50%);
          max-width: 640px;
          margin: 0 auto;
          background: white;
          box-shadow: 0 1px 4px 0 rgba(0,0,0,0.1);
          border-radius: 0.1875rem;
          padding: 2rem;
        }
        h1, h3 {
          font-weight: 500;
          -webkit-font-smoothing: antialiased;
          -moz-osx-font-smoothing: grayscale;
          font-smoothing: antialiased;
          text-shadow: 0 0 1px transparent;
          line-height: normal;
        }
        h1 {
          font-size: 1.65rem;
          margin-bottom: 1.25rem;
          margin-top: 0;
          position: relative;
        }
        h1::after {
          background-color: #cbd6e2;
          bottom: -10px;
          left: 0;
          width: 100%;
          content: ' ';
          height: 1px;
          position: absolute;
        }
        h3 {
          font-size: 1.45rem;
          margin-bottom: 0.8rem;
          margin-top: 0;
          position: relative;
        }
        a {
          color: #00a4bd;
          text-decoration: none;
        }
        a:hover {
          text-decoration: underline;
        }
      </style>
    </head>
    <body>
      <div class="outer-container">
        <div class="inner-container">
    <h1>Sorry, this submission wasn't valid</h1>
    <ul>
            <li>Field email encountered BLOCKED_EMAIL error.</li>
    </ul>
    <p>Please fix the errors in your submission and retry</p>

        </div>
      </div>
    </body>
  </html>

[03-Feb-2026 04:38:17 UTC] Missing fields: firstname,lastname,email,phone,service,company
[03-Feb-2026 08:26:38 UTC] V3 failed (400):  | {"status":"error","message":"The request is not valid","correlationId":"6564920e-a599-463d-a7d5-0d8a9aaa3e4b","errors":[{"message":"Error in 'fields.email'. Submission from this email address are not allowed","errorType":"BLOCKED_EMAIL"}]}
[03-Feb-2026 08:26:38 UTC] V2 failed (400):  | 

  <!doctype html>
  <html>
    <head>
      <!-- FIELD_VALIDATION_ERROR -->
      <meta charset="utf-8">
      <link rel="shortcut icon" href="//static.hsappstatic.net/StyleGuideUI/static-3.60/img/sprocket/favicon.ico" type="image/x-icon">

      <title>Your submission wasn&#39;t valid</title>

      <style>
        html, body { height: 100% }
        body {
          padding: 0;
          margin: 0;
          color: #425b76;
          font-size: 0.875rem;
          line-height: 1.65rem;
          background: #f9fbfd;
          font-family: "Lexend Deca",Helvetica,Arial,sans-serif;
        }
        .outer-container {
          position: relative;
          height: 100%
        }
        .inner-container {
          position: absolute;
          top: 50%;
          left: 50%;
          transform: translate(-50%, -50%);
          max-width: 640px;
          margin: 0 auto;
          background: white;
          box-shadow: 0 1px 4px 0 rgba(0,0,0,0.1);
          border-radius: 0.1875rem;
          padding: 2rem;
        }
        h1, h3 {
          font-weight: 500;
          -webkit-font-smoothing: antialiased;
          -moz-osx-font-smoothing: grayscale;
          font-smoothing: antialiased;
          text-shadow: 0 0 1px transparent;
          line-height: normal;
        }
        h1 {
          font-size: 1.65rem;
          margin-bottom: 1.25rem;
          margin-top: 0;
          position: relative;
        }
        h1::after {
          background-color: #cbd6e2;
          bottom: -10px;
          left: 0;
          width: 100%;
          content: ' ';
          height: 1px;
          position: absolute;
        }
        h3 {
          font-size: 1.45rem;
          margin-bottom: 0.8rem;
          margin-top: 0;
          position: relative;
        }
        a {
          color: #00a4bd;
          text-decoration: none;
        }
        a:hover {
          text-decoration: underline;
        }
      </style>
    </head>
    <body>
      <div class="outer-container">
        <div class="inner-container">
    <h1>Sorry, this submission wasn't valid</h1>
    <ul>
            <li>Field email encountered BLOCKED_EMAIL error.</li>
    </ul>
    <p>Please fix the errors in your submission and retry</p>

        </div>
      </div>
    </body>
  </html>

